cell_id,cell_type,batch,stage
Cell_0,CellType_0,Batch_0,Stage_1
Cell_1,CellType_0,Batch_1,Stage_2
Cell_2,CellType_0,Batch_0,Stage_0
Cell_3,CellType_0,Batch_2,Stage_2
Cell_4,CellType_0,Batch_0,Stage_3
Cell_5,CellType_0,Batch_1,Stage_1
Cell_6,CellType_0,Batch_0,Stage_2
Cell_7,CellType_0,Batch_2,Stage_3
Cell_8,CellType_0,Batch_1,Stage_1
Cell_9,CellType_0,Batch_2,Stage_0
Cell_10,CellType_0,Batch_2,Stage_1
Cell_11,CellType_0,Batch_2,Stage_2
Cell_12,CellType_0,Batch_1,Stage_3
Cell_13,CellType_0,Batch_1,Stage_3
Cell_14,CellType_0,Batch_1,Stage_2
Cell_15,CellType_0,Batch_2,Stage_3
Cell_16,CellType_0,Batch_0,Stage_0
Cell_17,CellType_0,Batch_1,Stage_3
Cell_18,CellType_0,Batch_0,Stage_2
Cell_19,CellType_0,Batch_2,Stage_2
Cell_20,CellType_0,Batch_2,Stage_3
Cell_21,CellType_0,Batch_1,Stage_3
Cell_22,CellType_0,Batch_2,Stage_2
Cell_23,CellType_0,Batch_0,Stage_2
Cell_24,CellType_0,Batch_2,Stage_0
Cell_25,CellType_0,Batch_1,Stage_1
Cell_26,CellType_0,Batch_1,Stage_0
Cell_27,CellType_0,Batch_1,Stage_3
Cell_28,CellType_0,Batch_2,Stage_3
Cell_29,CellType_0,Batch_1,Stage_2
Cell_30,CellType_0,Batch_0,Stage_1
Cell_31,CellType_0,Batch_0,Stage_0
Cell_32,CellType_0,Batch_1,Stage_3
Cell_33,CellType_0,Batch_2,Stage_2
Cell_34,CellType_0,Batch_2,Stage_0
Cell_35,CellType_0,Batch_2,Stage_0
Cell_36,CellType_0,Batch_2,Stage_1
Cell_37,CellType_0,Batch_1,Stage_0
Cell_38,CellType_0,Batch_1,Stage_1
Cell_39,CellType_0,Batch_1,Stage_2
Cell_40,CellType_0,Batch_1,Stage_1
Cell_41,CellType_0,Batch_0,Stage_1
Cell_42,CellType_0,Batch_0,Stage_2
Cell_43,CellType_0,Batch_0,Stage_1
Cell_44,CellType_0,Batch_2,Stage_3
Cell_45,CellType_0,Batch_2,Stage_3
Cell_46,CellType_0,Batch_0,Stage_1
Cell_47,CellType_0,Batch_1,Stage_3
Cell_48,CellType_0,Batch_2,Stage_2
Cell_49,CellType_0,Batch_2,Stage_1
Cell_50,CellType_0,Batch_1,Stage_3
Cell_51,CellType_0,Batch_2,Stage_0
Cell_52,CellType_0,Batch_1,Stage_3
Cell_53,CellType_0,Batch_0,Stage_3
Cell_54,CellType_0,Batch_1,Stage_3
Cell_55,CellType_0,Batch_1,Stage_2
Cell_56,CellType_0,Batch_0,Stage_0
Cell_57,CellType_0,Batch_0,Stage_3
Cell_58,CellType_0,Batch_1,Stage_3
Cell_59,CellType_0,Batch_2,Stage_3
Cell_60,CellType_0,Batch_2,Stage_1
Cell_61,CellType_0,Batch_1,Stage_0
Cell_62,CellType_0,Batch_1,Stage_3
Cell_63,CellType_0,Batch_2,Stage_3
Cell_64,CellType_0,Batch_2,Stage_0
Cell_65,CellType_0,Batch_1,Stage_1
Cell_66,CellType_0,Batch_1,Stage_3
Cell_67,CellType_0,Batch_2,Stage_1
Cell_68,CellType_0,Batch_0,Stage_1
Cell_69,CellType_0,Batch_0,Stage_1
Cell_70,CellType_0,Batch_0,Stage_0
Cell_71,CellType_0,Batch_2,Stage_3
Cell_72,CellType_0,Batch_2,Stage_3
Cell_73,CellType_0,Batch_2,Stage_2
Cell_74,CellType_0,Batch_0,Stage_1
Cell_75,CellType_0,Batch_2,Stage_0
Cell_76,CellType_0,Batch_0,Stage_2
Cell_77,CellType_0,Batch_1,Stage_3
Cell_78,CellType_0,Batch_1,Stage_2
Cell_79,CellType_0,Batch_0,Stage_0
Cell_80,CellType_0,Batch_2,Stage_3
Cell_81,CellType_0,Batch_2,Stage_3
Cell_82,CellType_0,Batch_0,Stage_1
Cell_83,CellType_0,Batch_0,Stage_2
Cell_84,CellType_0,Batch_0,Stage_1
Cell_85,CellType_0,Batch_2,Stage_0
Cell_86,CellType_0,Batch_2,Stage_2
Cell_87,CellType_0,Batch_2,Stage_0
Cell_88,CellType_0,Batch_2,Stage_0
Cell_89,CellType_0,Batch_2,Stage_2
Cell_90,CellType_0,Batch_0,Stage_2
Cell_91,CellType_0,Batch_0,Stage_2
Cell_92,CellType_0,Batch_0,Stage_3
Cell_93,CellType_0,Batch_2,Stage_1
Cell_94,CellType_0,Batch_2,Stage_0
Cell_95,CellType_0,Batch_1,Stage_3
Cell_96,CellType_0,Batch_2,Stage_3
Cell_97,CellType_0,Batch_2,Stage_2
Cell_98,CellType_0,Batch_0,Stage_2
Cell_99,CellType_0,Batch_1,Stage_2
Cell_100,CellType_0,Batch_2,Stage_3
Cell_101,CellType_0,Batch_0,Stage_2
Cell_102,CellType_0,Batch_2,Stage_1
Cell_103,CellType_0,Batch_2,Stage_0
Cell_104,CellType_0,Batch_2,Stage_3
Cell_105,CellType_0,Batch_0,Stage_0
Cell_106,CellType_0,Batch_0,Stage_2
Cell_107,CellType_0,Batch_0,Stage_1
Cell_108,CellType_0,Batch_0,Stage_1
Cell_109,CellType_0,Batch_2,Stage_2
Cell_110,CellType_0,Batch_2,Stage_0
Cell_111,CellType_0,Batch_1,Stage_1
Cell_112,CellType_0,Batch_2,Stage_2
Cell_113,CellType_0,Batch_1,Stage_2
Cell_114,CellType_0,Batch_2,Stage_1
Cell_115,CellType_0,Batch_0,Stage_2
Cell_116,CellType_0,Batch_0,Stage_2
Cell_117,CellType_0,Batch_0,Stage_1
Cell_118,CellType_0,Batch_1,Stage_0
Cell_119,CellType_0,Batch_1,Stage_3
Cell_120,CellType_0,Batch_0,Stage_2
Cell_121,CellType_0,Batch_1,Stage_2
Cell_122,CellType_0,Batch_0,Stage_0
Cell_123,CellType_0,Batch_0,Stage_1
Cell_124,CellType_0,Batch_2,Stage_0
Cell_125,CellType_0,Batch_0,Stage_1
Cell_126,CellType_0,Batch_1,Stage_2
Cell_127,CellType_0,Batch_1,Stage_1
Cell_128,CellType_0,Batch_1,Stage_0
Cell_129,CellType_0,Batch_1,Stage_0
Cell_130,CellType_0,Batch_0,Stage_0
Cell_131,CellType_0,Batch_1,Stage_2
Cell_132,CellType_0,Batch_1,Stage_1
Cell_133,CellType_0,Batch_2,Stage_0
Cell_134,CellType_0,Batch_1,Stage_2
Cell_135,CellType_0,Batch_2,Stage_1
Cell_136,CellType_0,Batch_1,Stage_3
Cell_137,CellType_0,Batch_1,Stage_0
Cell_138,CellType_0,Batch_2,Stage_1
Cell_139,CellType_0,Batch_1,Stage_1
Cell_140,CellType_0,Batch_1,Stage_2
Cell_141,CellType_0,Batch_1,Stage_2
Cell_142,CellType_0,Batch_2,Stage_3
Cell_143,CellType_0,Batch_2,Stage_1
Cell_144,CellType_0,Batch_2,Stage_1
Cell_145,CellType_0,Batch_1,Stage_0
Cell_146,CellType_0,Batch_1,Stage_3
Cell_147,CellType_0,Batch_1,Stage_1
Cell_148,CellType_0,Batch_2,Stage_0
Cell_149,CellType_0,Batch_0,Stage_2
Cell_150,CellType_0,Batch_0,Stage_1
Cell_151,CellType_0,Batch_2,Stage_2
Cell_152,CellType_0,Batch_0,Stage_2
Cell_153,CellType_0,Batch_1,Stage_3
Cell_154,CellType_0,Batch_1,Stage_0
Cell_155,CellType_0,Batch_1,Stage_1
Cell_156,CellType_0,Batch_2,Stage_2
Cell_157,CellType_0,Batch_1,Stage_3
Cell_158,CellType_0,Batch_1,Stage_1
Cell_159,CellType_0,Batch_1,Stage_3
Cell_160,CellType_0,Batch_1,Stage_0
Cell_161,CellType_0,Batch_1,Stage_1
Cell_162,CellType_0,Batch_0,Stage_0
Cell_163,CellType_0,Batch_1,Stage_1
Cell_164,CellType_0,Batch_2,Stage_1
Cell_165,CellType_0,Batch_2,Stage_2
Cell_166,CellType_0,Batch_0,Stage_2
Cell_167,CellType_0,Batch_0,Stage_1
Cell_168,CellType_0,Batch_0,Stage_0
Cell_169,CellType_0,Batch_2,Stage_2
Cell_170,CellType_0,Batch_0,Stage_0
Cell_171,CellType_0,Batch_1,Stage_3
Cell_172,CellType_0,Batch_1,Stage_0
Cell_173,CellType_0,Batch_2,Stage_3
Cell_174,CellType_0,Batch_1,Stage_1
Cell_175,CellType_0,Batch_0,Stage_2
Cell_176,CellType_0,Batch_1,Stage_3
Cell_177,CellType_0,Batch_2,Stage_2
Cell_178,CellType_0,Batch_2,Stage_3
Cell_179,CellType_0,Batch_1,Stage_2
Cell_180,CellType_0,Batch_0,Stage_0
Cell_181,CellType_0,Batch_2,Stage_0
Cell_182,CellType_0,Batch_2,Stage_1
Cell_183,CellType_0,Batch_1,Stage_1
Cell_184,CellType_0,Batch_0,Stage_3
Cell_185,CellType_0,Batch_1,Stage_1
Cell_186,CellType_0,Batch_2,Stage_1
Cell_187,CellType_0,Batch_2,Stage_2
Cell_188,CellType_0,Batch_2,Stage_0
Cell_189,CellType_0,Batch_2,Stage_2
Cell_190,CellType_0,Batch_1,Stage_0
Cell_191,CellType_0,Batch_1,Stage_1
Cell_192,CellType_0,Batch_1,Stage_0
Cell_193,CellType_0,Batch_2,Stage_3
Cell_194,CellType_0,Batch_0,Stage_1
Cell_195,CellType_0,Batch_1,Stage_2
Cell_196,CellType_0,Batch_2,Stage_0
Cell_197,CellType_0,Batch_1,Stage_3
Cell_198,CellType_0,Batch_1,Stage_1
Cell_199,CellType_0,Batch_0,Stage_0
Cell_200,CellType_0,Batch_1,Stage_0
Cell_201,CellType_0,Batch_0,Stage_1
Cell_202,CellType_0,Batch_1,Stage_2
Cell_203,CellType_0,Batch_2,Stage_1
Cell_204,CellType_0,Batch_0,Stage_1
Cell_205,CellType_0,Batch_2,Stage_0
Cell_206,CellType_0,Batch_2,Stage_1
Cell_207,CellType_0,Batch_2,Stage_0
Cell_208,CellType_0,Batch_2,Stage_2
Cell_209,CellType_0,Batch_2,Stage_0
Cell_210,CellType_0,Batch_0,Stage_0
Cell_211,CellType_0,Batch_1,Stage_0
Cell_212,CellType_0,Batch_0,Stage_1
Cell_213,CellType_0,Batch_1,Stage_0
Cell_214,CellType_0,Batch_0,Stage_0
Cell_215,CellType_0,Batch_2,Stage_0
Cell_216,CellType_0,Batch_2,Stage_3
Cell_217,CellType_0,Batch_2,Stage_3
Cell_218,CellType_0,Batch_2,Stage_1
Cell_219,CellType_0,Batch_0,Stage_2
Cell_220,CellType_0,Batch_1,Stage_1
Cell_221,CellType_0,Batch_0,Stage_0
Cell_222,CellType_0,Batch_1,Stage_3
Cell_223,CellType_0,Batch_0,Stage_0
Cell_224,CellType_0,Batch_2,Stage_3
Cell_225,CellType_0,Batch_1,Stage_1
Cell_226,CellType_0,Batch_0,Stage_1
Cell_227,CellType_0,Batch_0,Stage_1
Cell_228,CellType_0,Batch_2,Stage_1
Cell_229,CellType_0,Batch_0,Stage_3
Cell_230,CellType_0,Batch_1,Stage_0
Cell_231,CellType_0,Batch_2,Stage_0
Cell_232,CellType_0,Batch_0,Stage_1
Cell_233,CellType_0,Batch_0,Stage_3
Cell_234,CellType_0,Batch_2,Stage_0
Cell_235,CellType_0,Batch_0,Stage_2
Cell_236,CellType_0,Batch_1,Stage_2
Cell_237,CellType_0,Batch_1,Stage_1
Cell_238,CellType_0,Batch_0,Stage_0
Cell_239,CellType_0,Batch_2,Stage_1
Cell_240,CellType_0,Batch_0,Stage_2
Cell_241,CellType_0,Batch_1,Stage_3
Cell_242,CellType_0,Batch_1,Stage_0
Cell_243,CellType_0,Batch_0,Stage_1
Cell_244,CellType_0,Batch_1,Stage_1
Cell_245,CellType_0,Batch_2,Stage_2
Cell_246,CellType_0,Batch_2,Stage_3
Cell_247,CellType_0,Batch_2,Stage_0
Cell_248,CellType_0,Batch_2,Stage_2
Cell_249,CellType_0,Batch_2,Stage_3
Cell_250,CellType_0,Batch_0,Stage_2
Cell_251,CellType_0,Batch_0,Stage_1
Cell_252,CellType_0,Batch_2,Stage_2
Cell_253,CellType_0,Batch_1,Stage_0
Cell_254,CellType_0,Batch_0,Stage_3
Cell_255,CellType_0,Batch_1,Stage_1
Cell_256,CellType_0,Batch_2,Stage_0
Cell_257,CellType_0,Batch_1,Stage_2
Cell_258,CellType_0,Batch_0,Stage_1
Cell_259,CellType_0,Batch_0,Stage_3
Cell_260,CellType_0,Batch_0,Stage_1
Cell_261,CellType_0,Batch_0,Stage_3
Cell_262,CellType_0,Batch_1,Stage_1
Cell_263,CellType_0,Batch_0,Stage_2
Cell_264,CellType_0,Batch_0,Stage_2
Cell_265,CellType_0,Batch_2,Stage_1
Cell_266,CellType_0,Batch_0,Stage_2
Cell_267,CellType_0,Batch_2,Stage_1
Cell_268,CellType_0,Batch_1,Stage_0
Cell_269,CellType_0,Batch_0,Stage_3
Cell_270,CellType_0,Batch_0,Stage_1
Cell_271,CellType_0,Batch_0,Stage_1
Cell_272,CellType_0,Batch_2,Stage_2
Cell_273,CellType_0,Batch_2,Stage_1
Cell_274,CellType_0,Batch_2,Stage_0
Cell_275,CellType_0,Batch_0,Stage_2
Cell_276,CellType_0,Batch_2,Stage_3
Cell_277,CellType_0,Batch_2,Stage_1
Cell_278,CellType_0,Batch_2,Stage_1
Cell_279,CellType_0,Batch_1,Stage_2
Cell_280,CellType_0,Batch_1,Stage_1
Cell_281,CellType_0,Batch_1,Stage_3
Cell_282,CellType_0,Batch_2,Stage_2
Cell_283,CellType_0,Batch_0,Stage_3
Cell_284,CellType_0,Batch_2,Stage_2
Cell_285,CellType_0,Batch_2,Stage_1
Cell_286,CellType_0,Batch_0,Stage_0
Cell_287,CellType_0,Batch_2,Stage_0
Cell_288,CellType_0,Batch_2,Stage_0
Cell_289,CellType_0,Batch_2,Stage_2
Cell_290,CellType_0,Batch_0,Stage_1
Cell_291,CellType_0,Batch_1,Stage_0
Cell_292,CellType_0,Batch_1,Stage_0
Cell_293,CellType_0,Batch_2,Stage_1
Cell_294,CellType_0,Batch_2,Stage_1
Cell_295,CellType_0,Batch_1,Stage_0
Cell_296,CellType_0,Batch_1,Stage_3
Cell_297,CellType_0,Batch_1,Stage_2
Cell_298,CellType_0,Batch_0,Stage_3
Cell_299,CellType_0,Batch_2,Stage_2
Cell_300,CellType_0,Batch_1,Stage_1
Cell_301,CellType_0,Batch_0,Stage_1
Cell_302,CellType_0,Batch_0,Stage_2
Cell_303,CellType_0,Batch_0,Stage_0
Cell_304,CellType_0,Batch_0,Stage_1
Cell_305,CellType_0,Batch_2,Stage_3
Cell_306,CellType_0,Batch_1,Stage_2
Cell_307,CellType_0,Batch_2,Stage_2
Cell_308,CellType_0,Batch_0,Stage_0
Cell_309,CellType_0,Batch_0,Stage_1
Cell_310,CellType_0,Batch_2,Stage_1
Cell_311,CellType_0,Batch_2,Stage_1
Cell_312,CellType_0,Batch_1,Stage_1
Cell_313,CellType_0,Batch_0,Stage_0
Cell_314,CellType_0,Batch_2,Stage_2
Cell_315,CellType_0,Batch_2,Stage_3
Cell_316,CellType_0,Batch_2,Stage_3
Cell_317,CellType_0,Batch_2,Stage_1
Cell_318,CellType_0,Batch_1,Stage_3
Cell_319,CellType_0,Batch_2,Stage_0
Cell_320,CellType_0,Batch_0,Stage_2
Cell_321,CellType_0,Batch_2,Stage_0
Cell_322,CellType_0,Batch_2,Stage_2
Cell_323,CellType_0,Batch_2,Stage_2
Cell_324,CellType_0,Batch_1,Stage_2
Cell_325,CellType_0,Batch_2,Stage_1
Cell_326,CellType_0,Batch_1,Stage_3
Cell_327,CellType_0,Batch_1,Stage_1
Cell_328,CellType_0,Batch_2,Stage_3
Cell_329,CellType_0,Batch_2,Stage_0
Cell_330,CellType_0,Batch_0,Stage_1
Cell_331,CellType_0,Batch_2,Stage_1
Cell_332,CellType_0,Batch_0,Stage_3
Cell_333,CellType_0,Batch_1,Stage_2
Cell_334,CellType_0,Batch_0,Stage_2
Cell_335,CellType_0,Batch_2,Stage_3
Cell_336,CellType_0,Batch_1,Stage_2
Cell_337,CellType_0,Batch_1,Stage_1
Cell_338,CellType_0,Batch_0,Stage_1
Cell_339,CellType_0,Batch_2,Stage_2
Cell_340,CellType_0,Batch_1,Stage_1
Cell_341,CellType_0,Batch_2,Stage_1
Cell_342,CellType_0,Batch_2,Stage_2
Cell_343,CellType_0,Batch_1,Stage_2
Cell_344,CellType_0,Batch_0,Stage_0
Cell_345,CellType_0,Batch_2,Stage_2
Cell_346,CellType_0,Batch_0,Stage_0
Cell_347,CellType_0,Batch_2,Stage_0
Cell_348,CellType_0,Batch_2,Stage_1
Cell_349,CellType_0,Batch_0,Stage_2
Cell_350,CellType_0,Batch_1,Stage_2
Cell_351,CellType_0,Batch_2,Stage_3
Cell_352,CellType_0,Batch_2,Stage_2
Cell_353,CellType_0,Batch_0,Stage_1
Cell_354,CellType_0,Batch_2,Stage_0
Cell_355,CellType_0,Batch_0,Stage_2
Cell_356,CellType_0,Batch_1,Stage_1
Cell_357,CellType_0,Batch_2,Stage_3
Cell_358,CellType_0,Batch_1,Stage_2
Cell_359,CellType_0,Batch_0,Stage_0
Cell_360,CellType_0,Batch_0,Stage_0
Cell_361,CellType_0,Batch_2,Stage_1
Cell_362,CellType_0,Batch_2,Stage_2
Cell_363,CellType_0,Batch_0,Stage_3
Cell_364,CellType_0,Batch_1,Stage_1
Cell_365,CellType_0,Batch_0,Stage_1
Cell_366,CellType_0,Batch_1,Stage_0
Cell_367,CellType_0,Batch_2,Stage_2
Cell_368,CellType_0,Batch_1,Stage_3
Cell_369,CellType_0,Batch_2,Stage_3
Cell_370,CellType_0,Batch_2,Stage_1
Cell_371,CellType_0,Batch_1,Stage_0
Cell_372,CellType_0,Batch_2,Stage_2
Cell_373,CellType_0,Batch_2,Stage_2
Cell_374,CellType_0,Batch_1,Stage_0
Cell_375,CellType_0,Batch_2,Stage_3
Cell_376,CellType_0,Batch_0,Stage_0
Cell_377,CellType_0,Batch_0,Stage_1
Cell_378,CellType_0,Batch_0,Stage_2
Cell_379,CellType_0,Batch_2,Stage_2
Cell_380,CellType_0,Batch_2,Stage_0
Cell_381,CellType_0,Batch_1,Stage_1
Cell_382,CellType_0,Batch_1,Stage_2
Cell_383,CellType_0,Batch_0,Stage_3
Cell_384,CellType_0,Batch_2,Stage_0
Cell_385,CellType_0,Batch_1,Stage_3
Cell_386,CellType_0,Batch_2,Stage_0
Cell_387,CellType_0,Batch_1,Stage_2
Cell_388,CellType_0,Batch_0,Stage_2
Cell_389,CellType_0,Batch_0,Stage_2
Cell_390,CellType_0,Batch_1,Stage_1
Cell_391,CellType_0,Batch_1,Stage_1
Cell_392,CellType_0,Batch_0,Stage_2
Cell_393,CellType_0,Batch_0,Stage_3
Cell_394,CellType_0,Batch_0,Stage_2
Cell_395,CellType_0,Batch_2,Stage_0
Cell_396,CellType_0,Batch_2,Stage_3
Cell_397,CellType_0,Batch_0,Stage_1
Cell_398,CellType_0,Batch_1,Stage_1
Cell_399,CellType_0,Batch_1,Stage_2
Cell_400,CellType_1,Batch_0,Stage_2
Cell_401,CellType_1,Batch_2,Stage_3
Cell_402,CellType_1,Batch_2,Stage_0
Cell_403,CellType_1,Batch_1,Stage_1
Cell_404,CellType_1,Batch_0,Stage_3
Cell_405,CellType_1,Batch_2,Stage_2
Cell_406,CellType_1,Batch_1,Stage_3
Cell_407,CellType_1,Batch_1,Stage_1
Cell_408,CellType_1,Batch_1,Stage_2
Cell_409,CellType_1,Batch_2,Stage_3
Cell_410,CellType_1,Batch_1,Stage_0
Cell_411,CellType_1,Batch_0,Stage_1
Cell_412,CellType_1,Batch_2,Stage_2
Cell_413,CellType_1,Batch_1,Stage_2
Cell_414,CellType_1,Batch_0,Stage_0
Cell_415,CellType_1,Batch_2,Stage_1
Cell_416,CellType_1,Batch_2,Stage_1
Cell_417,CellType_1,Batch_0,Stage_1
Cell_418,CellType_1,Batch_0,Stage_2
Cell_419,CellType_1,Batch_0,Stage_1
Cell_420,CellType_1,Batch_0,Stage_1
Cell_421,CellType_1,Batch_0,Stage_3
Cell_422,CellType_1,Batch_0,Stage_3
Cell_423,CellType_1,Batch_0,Stage_3
Cell_424,CellType_1,Batch_2,Stage_1
Cell_425,CellType_1,Batch_0,Stage_1
Cell_426,CellType_1,Batch_2,Stage_2
Cell_427,CellType_1,Batch_0,Stage_0
Cell_428,CellType_1,Batch_1,Stage_1
Cell_429,CellType_1,Batch_1,Stage_2
Cell_430,CellType_1,Batch_1,Stage_3
Cell_431,CellType_1,Batch_0,Stage_1
Cell_432,CellType_1,Batch_2,Stage_3
Cell_433,CellType_1,Batch_2,Stage_2
Cell_434,CellType_1,Batch_1,Stage_0
Cell_435,CellType_1,Batch_0,Stage_1
Cell_436,CellType_1,Batch_1,Stage_0
Cell_437,CellType_1,Batch_0,Stage_2
Cell_438,CellType_1,Batch_1,Stage_0
Cell_439,CellType_1,Batch_1,Stage_0
Cell_440,CellType_1,Batch_2,Stage_3
Cell_441,CellType_1,Batch_2,Stage_3
Cell_442,CellType_1,Batch_1,Stage_3
Cell_443,CellType_1,Batch_1,Stage_0
Cell_444,CellType_1,Batch_1,Stage_2
Cell_445,CellType_1,Batch_2,Stage_3
Cell_446,CellType_1,Batch_2,Stage_1
Cell_447,CellType_1,Batch_1,Stage_2
Cell_448,CellType_1,Batch_2,Stage_1
Cell_449,CellType_1,Batch_1,Stage_3
Cell_450,CellType_1,Batch_0,Stage_3
Cell_451,CellType_1,Batch_2,Stage_2
Cell_452,CellType_1,Batch_0,Stage_2
Cell_453,CellType_1,Batch_0,Stage_0
Cell_454,CellType_1,Batch_2,Stage_1
Cell_455,CellType_1,Batch_0,Stage_3
Cell_456,CellType_1,Batch_2,Stage_1
Cell_457,CellType_1,Batch_0,Stage_3
Cell_458,CellType_1,Batch_2,Stage_0
Cell_459,CellType_1,Batch_2,Stage_1
Cell_460,CellType_1,Batch_2,Stage_1
Cell_461,CellType_1,Batch_0,Stage_3
Cell_462,CellType_1,Batch_1,Stage_3
Cell_463,CellType_1,Batch_0,Stage_0
Cell_464,CellType_1,Batch_1,Stage_0
Cell_465,CellType_1,Batch_2,Stage_3
Cell_466,CellType_1,Batch_0,Stage_3
Cell_467,CellType_1,Batch_0,Stage_0
Cell_468,CellType_1,Batch_2,Stage_3
Cell_469,CellType_1,Batch_1,Stage_2
Cell_470,CellType_1,Batch_1,Stage_1
Cell_471,CellType_1,Batch_2,Stage_2
Cell_472,CellType_1,Batch_1,Stage_3
Cell_473,CellType_1,Batch_0,Stage_3
Cell_474,CellType_1,Batch_2,Stage_1
Cell_475,CellType_1,Batch_2,Stage_1
Cell_476,CellType_1,Batch_1,Stage_2
Cell_477,CellType_1,Batch_2,Stage_0
Cell_478,CellType_1,Batch_0,Stage_3
Cell_479,CellType_1,Batch_1,Stage_0
Cell_480,CellType_1,Batch_1,Stage_2
Cell_481,CellType_1,Batch_1,Stage_0
Cell_482,CellType_1,Batch_1,Stage_1
Cell_483,CellType_1,Batch_1,Stage_0
Cell_484,CellType_1,Batch_0,Stage_3
Cell_485,CellType_1,Batch_1,Stage_0
Cell_486,CellType_1,Batch_2,Stage_2
Cell_487,CellType_1,Batch_0,Stage_3
Cell_488,CellType_1,Batch_0,Stage_2
Cell_489,CellType_1,Batch_1,Stage_1
Cell_490,CellType_1,Batch_0,Stage_3
Cell_491,CellType_1,Batch_1,Stage_1
Cell_492,CellType_1,Batch_2,Stage_1
Cell_493,CellType_1,Batch_2,Stage_3
Cell_494,CellType_1,Batch_1,Stage_0
Cell_495,CellType_1,Batch_0,Stage_3
Cell_496,CellType_1,Batch_0,Stage_0
Cell_497,CellType_1,Batch_0,Stage_2
Cell_498,CellType_1,Batch_0,Stage_0
Cell_499,CellType_1,Batch_1,Stage_0
Cell_500,CellType_1,Batch_1,Stage_0
Cell_501,CellType_1,Batch_0,Stage_0
Cell_502,CellType_1,Batch_1,Stage_2
Cell_503,CellType_1,Batch_0,Stage_2
Cell_504,CellType_1,Batch_1,Stage_1
Cell_505,CellType_1,Batch_1,Stage_2
Cell_506,CellType_1,Batch_0,Stage_3
Cell_507,CellType_1,Batch_1,Stage_1
Cell_508,CellType_1,Batch_1,Stage_2
Cell_509,CellType_1,Batch_0,Stage_1
Cell_510,CellType_1,Batch_0,Stage_1
Cell_511,CellType_1,Batch_2,Stage_2
Cell_512,CellType_1,Batch_0,Stage_0
Cell_513,CellType_1,Batch_0,Stage_0
Cell_514,CellType_1,Batch_0,Stage_1
Cell_515,CellType_1,Batch_0,Stage_3
Cell_516,CellType_1,Batch_0,Stage_2
Cell_517,CellType_1,Batch_0,Stage_0
Cell_518,CellType_1,Batch_1,Stage_3
Cell_519,CellType_1,Batch_0,Stage_1
Cell_520,CellType_1,Batch_1,Stage_1
Cell_521,CellType_1,Batch_2,Stage_3
Cell_522,CellType_1,Batch_0,Stage_1
Cell_523,CellType_1,Batch_2,Stage_3
Cell_524,CellType_1,Batch_1,Stage_3
Cell_525,CellType_1,Batch_2,Stage_3
Cell_526,CellType_1,Batch_2,Stage_3
Cell_527,CellType_1,Batch_1,Stage_3
Cell_528,CellType_1,Batch_1,Stage_3
Cell_529,CellType_1,Batch_2,Stage_2
Cell_530,CellType_1,Batch_2,Stage_2
Cell_531,CellType_1,Batch_0,Stage_1
Cell_532,CellType_1,Batch_0,Stage_3
Cell_533,CellType_1,Batch_2,Stage_2
Cell_534,CellType_1,Batch_1,Stage_0
Cell_535,CellType_1,Batch_0,Stage_2
Cell_536,CellType_1,Batch_0,Stage_3
Cell_537,CellType_1,Batch_0,Stage_2
Cell_538,CellType_1,Batch_1,Stage_3
Cell_539,CellType_1,Batch_1,Stage_2
Cell_540,CellType_1,Batch_1,Stage_3
Cell_541,CellType_1,Batch_0,Stage_1
Cell_542,CellType_1,Batch_2,Stage_2
Cell_543,CellType_1,Batch_1,Stage_0
Cell_544,CellType_1,Batch_0,Stage_2
Cell_545,CellType_1,Batch_2,Stage_1
Cell_546,CellType_1,Batch_2,Stage_2
Cell_547,CellType_1,Batch_1,Stage_3
Cell_548,CellType_1,Batch_0,Stage_3
Cell_549,CellType_1,Batch_1,Stage_1
Cell_550,CellType_1,Batch_2,Stage_0
Cell_551,CellType_1,Batch_0,Stage_0
Cell_552,CellType_1,Batch_0,Stage_1
Cell_553,CellType_1,Batch_1,Stage_1
Cell_554,CellType_1,Batch_2,Stage_3
Cell_555,CellType_1,Batch_1,Stage_0
Cell_556,CellType_1,Batch_2,Stage_2
Cell_557,CellType_1,Batch_1,Stage_0
Cell_558,CellType_1,Batch_1,Stage_2
Cell_559,CellType_1,Batch_1,Stage_1
Cell_560,CellType_1,Batch_1,Stage_0
Cell_561,CellType_1,Batch_1,Stage_1
Cell_562,CellType_1,Batch_0,Stage_0
Cell_563,CellType_1,Batch_1,Stage_3
Cell_564,CellType_1,Batch_2,Stage_3
Cell_565,CellType_1,Batch_0,Stage_1
Cell_566,CellType_1,Batch_1,Stage_0
Cell_567,CellType_1,Batch_0,Stage_0
Cell_568,CellType_1,Batch_2,Stage_3
Cell_569,CellType_1,Batch_1,Stage_0
Cell_570,CellType_1,Batch_2,Stage_3
Cell_571,CellType_1,Batch_0,Stage_0
Cell_572,CellType_1,Batch_0,Stage_2
Cell_573,CellType_1,Batch_0,Stage_3
Cell_574,CellType_1,Batch_0,Stage_2
Cell_575,CellType_1,Batch_1,Stage_3
Cell_576,CellType_1,Batch_1,Stage_2
Cell_577,CellType_1,Batch_2,Stage_3
Cell_578,CellType_1,Batch_2,Stage_2
Cell_579,CellType_1,Batch_2,Stage_2
Cell_580,CellType_1,Batch_2,Stage_1
Cell_581,CellType_1,Batch_0,Stage_1
Cell_582,CellType_1,Batch_0,Stage_0
Cell_583,CellType_1,Batch_1,Stage_1
Cell_584,CellType_1,Batch_2,Stage_3
Cell_585,CellType_1,Batch_1,Stage_0
Cell_586,CellType_1,Batch_2,Stage_0
Cell_587,CellType_1,Batch_2,Stage_3
Cell_588,CellType_1,Batch_0,Stage_2
Cell_589,CellType_1,Batch_0,Stage_1
Cell_590,CellType_1,Batch_0,Stage_3
Cell_591,CellType_1,Batch_1,Stage_2
Cell_592,CellType_1,Batch_2,Stage_1
Cell_593,CellType_1,Batch_1,Stage_2
Cell_594,CellType_1,Batch_2,Stage_1
Cell_595,CellType_1,Batch_2,Stage_2
Cell_596,CellType_1,Batch_2,Stage_1
Cell_597,CellType_1,Batch_2,Stage_0
Cell_598,CellType_1,Batch_1,Stage_3
Cell_599,CellType_1,Batch_2,Stage_1
Cell_600,CellType_1,Batch_1,Stage_1
Cell_601,CellType_1,Batch_1,Stage_1
Cell_602,CellType_1,Batch_0,Stage_1
Cell_603,CellType_1,Batch_0,Stage_0
Cell_604,CellType_1,Batch_1,Stage_2
Cell_605,CellType_1,Batch_0,Stage_1
Cell_606,CellType_1,Batch_1,Stage_1
Cell_607,CellType_1,Batch_2,Stage_2
Cell_608,CellType_1,Batch_1,Stage_3
Cell_609,CellType_1,Batch_2,Stage_3
Cell_610,CellType_1,Batch_2,Stage_0
Cell_611,CellType_1,Batch_2,Stage_0
Cell_612,CellType_1,Batch_2,Stage_2
Cell_613,CellType_1,Batch_2,Stage_1
Cell_614,CellType_1,Batch_1,Stage_1
Cell_615,CellType_1,Batch_1,Stage_3
Cell_616,CellType_1,Batch_2,Stage_2
Cell_617,CellType_1,Batch_2,Stage_1
Cell_618,CellType_1,Batch_2,Stage_3
Cell_619,CellType_1,Batch_2,Stage_2
Cell_620,CellType_1,Batch_0,Stage_0
Cell_621,CellType_1,Batch_1,Stage_1
Cell_622,CellType_1,Batch_1,Stage_0
Cell_623,CellType_1,Batch_2,Stage_1
Cell_624,CellType_1,Batch_0,Stage_3
Cell_625,CellType_1,Batch_0,Stage_1
Cell_626,CellType_1,Batch_0,Stage_3
Cell_627,CellType_1,Batch_1,Stage_2
Cell_628,CellType_1,Batch_0,Stage_0
Cell_629,CellType_1,Batch_0,Stage_3
Cell_630,CellType_1,Batch_2,Stage_0
Cell_631,CellType_1,Batch_0,Stage_0
Cell_632,CellType_1,Batch_1,Stage_0
Cell_633,CellType_1,Batch_2,Stage_0
Cell_634,CellType_1,Batch_0,Stage_0
Cell_635,CellType_1,Batch_1,Stage_1
Cell_636,CellType_1,Batch_1,Stage_3
Cell_637,CellType_1,Batch_1,Stage_1
Cell_638,CellType_1,Batch_0,Stage_0
Cell_639,CellType_1,Batch_1,Stage_3
Cell_640,CellType_1,Batch_1,Stage_2
Cell_641,CellType_1,Batch_1,Stage_1
Cell_642,CellType_1,Batch_0,Stage_3
Cell_643,CellType_1,Batch_2,Stage_1
Cell_644,CellType_1,Batch_0,Stage_3
Cell_645,CellType_1,Batch_1,Stage_3
Cell_646,CellType_1,Batch_1,Stage_2
Cell_647,CellType_1,Batch_1,Stage_1
Cell_648,CellType_1,Batch_2,Stage_2
Cell_649,CellType_1,Batch_1,Stage_2
Cell_650,CellType_1,Batch_1,Stage_0
Cell_651,CellType_1,Batch_1,Stage_3
Cell_652,CellType_1,Batch_0,Stage_0
Cell_653,CellType_1,Batch_1,Stage_0
Cell_654,CellType_1,Batch_1,Stage_2
Cell_655,CellType_1,Batch_2,Stage_2
Cell_656,CellType_1,Batch_2,Stage_0
Cell_657,CellType_1,Batch_0,Stage_0
Cell_658,CellType_1,Batch_0,Stage_1
Cell_659,CellType_1,Batch_1,Stage_1
Cell_660,CellType_1,Batch_0,Stage_0
Cell_661,CellType_1,Batch_0,Stage_0
Cell_662,CellType_1,Batch_2,Stage_3
Cell_663,CellType_1,Batch_2,Stage_2
Cell_664,CellType_1,Batch_1,Stage_1
Cell_665,CellType_1,Batch_1,Stage_0
Cell_666,CellType_1,Batch_1,Stage_0
Cell_667,CellType_1,Batch_2,Stage_1
Cell_668,CellType_1,Batch_0,Stage_3
Cell_669,CellType_1,Batch_1,Stage_2
Cell_670,CellType_1,Batch_0,Stage_3
Cell_671,CellType_1,Batch_0,Stage_2
Cell_672,CellType_1,Batch_0,Stage_3
Cell_673,CellType_1,Batch_0,Stage_0
Cell_674,CellType_1,Batch_1,Stage_0
Cell_675,CellType_1,Batch_1,Stage_2
Cell_676,CellType_1,Batch_0,Stage_1
Cell_677,CellType_1,Batch_0,Stage_2
Cell_678,CellType_1,Batch_1,Stage_0
Cell_679,CellType_1,Batch_2,Stage_0
Cell_680,CellType_1,Batch_1,Stage_3
Cell_681,CellType_1,Batch_1,Stage_0
Cell_682,CellType_1,Batch_2,Stage_3
Cell_683,CellType_1,Batch_1,Stage_2
Cell_684,CellType_1,Batch_1,Stage_1
Cell_685,CellType_1,Batch_2,Stage_0
Cell_686,CellType_1,Batch_0,Stage_1
Cell_687,CellType_1,Batch_0,Stage_0
Cell_688,CellType_1,Batch_0,Stage_1
Cell_689,CellType_1,Batch_0,Stage_0
Cell_690,CellType_1,Batch_1,Stage_0
Cell_691,CellType_1,Batch_2,Stage_2
Cell_692,CellType_1,Batch_2,Stage_1
Cell_693,CellType_1,Batch_1,Stage_1
Cell_694,CellType_1,Batch_2,Stage_1
Cell_695,CellType_1,Batch_2,Stage_0
Cell_696,CellType_1,Batch_1,Stage_0
Cell_697,CellType_1,Batch_0,Stage_0
Cell_698,CellType_1,Batch_1,Stage_1
Cell_699,CellType_1,Batch_0,Stage_0
Cell_700,CellType_1,Batch_0,Stage_3
Cell_701,CellType_1,Batch_2,Stage_1
Cell_702,CellType_1,Batch_0,Stage_2
Cell_703,CellType_1,Batch_2,Stage_2
Cell_704,CellType_1,Batch_2,Stage_0
Cell_705,CellType_1,Batch_1,Stage_1
Cell_706,CellType_1,Batch_1,Stage_0
Cell_707,CellType_1,Batch_0,Stage_3
Cell_708,CellType_1,Batch_0,Stage_2
Cell_709,CellType_1,Batch_2,Stage_1
Cell_710,CellType_1,Batch_1,Stage_1
Cell_711,CellType_1,Batch_0,Stage_0
Cell_712,CellType_1,Batch_1,Stage_1
Cell_713,CellType_1,Batch_1,Stage_1
Cell_714,CellType_1,Batch_2,Stage_0
Cell_715,CellType_1,Batch_0,Stage_0
Cell_716,CellType_1,Batch_0,Stage_1
Cell_717,CellType_1,Batch_1,Stage_1
Cell_718,CellType_1,Batch_1,Stage_0
Cell_719,CellType_1,Batch_2,Stage_3
Cell_720,CellType_1,Batch_2,Stage_3
Cell_721,CellType_1,Batch_1,Stage_0
Cell_722,CellType_1,Batch_1,Stage_1
Cell_723,CellType_1,Batch_0,Stage_2
Cell_724,CellType_1,Batch_0,Stage_3
Cell_725,CellType_1,Batch_1,Stage_2
Cell_726,CellType_1,Batch_0,Stage_0
Cell_727,CellType_1,Batch_1,Stage_2
Cell_728,CellType_1,Batch_2,Stage_3
Cell_729,CellType_1,Batch_2,Stage_1
Cell_730,CellType_1,Batch_0,Stage_0
Cell_731,CellType_1,Batch_1,Stage_1
Cell_732,CellType_1,Batch_2,Stage_2
Cell_733,CellType_1,Batch_0,Stage_1
Cell_734,CellType_1,Batch_2,Stage_3
Cell_735,CellType_1,Batch_2,Stage_2
Cell_736,CellType_1,Batch_1,Stage_1
Cell_737,CellType_1,Batch_1,Stage_3
Cell_738,CellType_1,Batch_2,Stage_1
Cell_739,CellType_1,Batch_0,Stage_2
Cell_740,CellType_1,Batch_0,Stage_0
Cell_741,CellType_1,Batch_2,Stage_0
Cell_742,CellType_1,Batch_0,Stage_3
Cell_743,CellType_1,Batch_0,Stage_1
Cell_744,CellType_1,Batch_1,Stage_3
Cell_745,CellType_1,Batch_0,Stage_3
Cell_746,CellType_1,Batch_0,Stage_1
Cell_747,CellType_1,Batch_2,Stage_3
Cell_748,CellType_1,Batch_2,Stage_3
Cell_749,CellType_1,Batch_0,Stage_0
Cell_750,CellType_1,Batch_2,Stage_3
Cell_751,CellType_1,Batch_0,Stage_0
Cell_752,CellType_1,Batch_2,Stage_3
Cell_753,CellType_1,Batch_2,Stage_2
Cell_754,CellType_1,Batch_2,Stage_3
Cell_755,CellType_1,Batch_0,Stage_2
Cell_756,CellType_1,Batch_0,Stage_0
Cell_757,CellType_1,Batch_1,Stage_0
Cell_758,CellType_1,Batch_1,Stage_2
Cell_759,CellType_1,Batch_2,Stage_2
Cell_760,CellType_1,Batch_1,Stage_0
Cell_761,CellType_1,Batch_0,Stage_2
Cell_762,CellType_1,Batch_0,Stage_1
Cell_763,CellType_1,Batch_0,Stage_1
Cell_764,CellType_1,Batch_2,Stage_3
Cell_765,CellType_1,Batch_0,Stage_3
Cell_766,CellType_1,Batch_2,Stage_3
Cell_767,CellType_1,Batch_1,Stage_2
Cell_768,CellType_1,Batch_1,Stage_0
Cell_769,CellType_1,Batch_2,Stage_0
Cell_770,CellType_1,Batch_0,Stage_1
Cell_771,CellType_1,Batch_1,Stage_0
Cell_772,CellType_1,Batch_2,Stage_2
Cell_773,CellType_1,Batch_2,Stage_0
Cell_774,CellType_1,Batch_1,Stage_2
Cell_775,CellType_1,Batch_1,Stage_2
Cell_776,CellType_1,Batch_0,Stage_3
Cell_777,CellType_1,Batch_1,Stage_3
Cell_778,CellType_1,Batch_1,Stage_2
Cell_779,CellType_1,Batch_2,Stage_0
Cell_780,CellType_1,Batch_1,Stage_1
Cell_781,CellType_1,Batch_0,Stage_0
Cell_782,CellType_1,Batch_1,Stage_2
Cell_783,CellType_1,Batch_2,Stage_2
Cell_784,CellType_1,Batch_0,Stage_1
Cell_785,CellType_1,Batch_0,Stage_0
Cell_786,CellType_1,Batch_2,Stage_1
Cell_787,CellType_1,Batch_1,Stage_2
Cell_788,CellType_1,Batch_2,Stage_0
Cell_789,CellType_1,Batch_1,Stage_0
Cell_790,CellType_1,Batch_1,Stage_2
Cell_791,CellType_1,Batch_0,Stage_3
Cell_792,CellType_1,Batch_2,Stage_0
Cell_793,CellType_1,Batch_2,Stage_2
Cell_794,CellType_1,Batch_1,Stage_0
Cell_795,CellType_1,Batch_1,Stage_2
Cell_796,CellType_1,Batch_0,Stage_3
Cell_797,CellType_1,Batch_2,Stage_2
Cell_798,CellType_1,Batch_2,Stage_0
Cell_799,CellType_1,Batch_0,Stage_2
Cell_800,CellType_2,Batch_0,Stage_3
Cell_801,CellType_2,Batch_0,Stage_1
Cell_802,CellType_2,Batch_1,Stage_1
Cell_803,CellType_2,Batch_2,Stage_3
Cell_804,CellType_2,Batch_1,Stage_2
Cell_805,CellType_2,Batch_0,Stage_1
Cell_806,CellType_2,Batch_2,Stage_3
Cell_807,CellType_2,Batch_0,Stage_3
Cell_808,CellType_2,Batch_1,Stage_3
Cell_809,CellType_2,Batch_1,Stage_0
Cell_810,CellType_2,Batch_0,Stage_3
Cell_811,CellType_2,Batch_1,Stage_3
Cell_812,CellType_2,Batch_0,Stage_3
Cell_813,CellType_2,Batch_2,Stage_0
Cell_814,CellType_2,Batch_2,Stage_1
Cell_815,CellType_2,Batch_2,Stage_1
Cell_816,CellType_2,Batch_2,Stage_0
Cell_817,CellType_2,Batch_2,Stage_1
Cell_818,CellType_2,Batch_2,Stage_2
Cell_819,CellType_2,Batch_0,Stage_0
Cell_820,CellType_2,Batch_1,Stage_1
Cell_821,CellType_2,Batch_1,Stage_0
Cell_822,CellType_2,Batch_2,Stage_2
Cell_823,CellType_2,Batch_2,Stage_0
Cell_824,CellType_2,Batch_2,Stage_2
Cell_825,CellType_2,Batch_0,Stage_1
Cell_826,CellType_2,Batch_1,Stage_1
Cell_827,CellType_2,Batch_1,Stage_0
Cell_828,CellType_2,Batch_2,Stage_1
Cell_829,CellType_2,Batch_1,Stage_0
Cell_830,CellType_2,Batch_2,Stage_0
Cell_831,CellType_2,Batch_2,Stage_3
Cell_832,CellType_2,Batch_0,Stage_0
Cell_833,CellType_2,Batch_2,Stage_2
Cell_834,CellType_2,Batch_1,Stage_0
Cell_835,CellType_2,Batch_0,Stage_1
Cell_836,CellType_2,Batch_1,Stage_1
Cell_837,CellType_2,Batch_2,Stage_3
Cell_838,CellType_2,Batch_2,Stage_2
Cell_839,CellType_2,Batch_0,Stage_1
Cell_840,CellType_2,Batch_0,Stage_3
Cell_841,CellType_2,Batch_0,Stage_0
Cell_842,CellType_2,Batch_0,Stage_2
Cell_843,CellType_2,Batch_0,Stage_1
Cell_844,CellType_2,Batch_2,Stage_2
Cell_845,CellType_2,Batch_1,Stage_2
Cell_846,CellType_2,Batch_1,Stage_0
Cell_847,CellType_2,Batch_0,Stage_0
Cell_848,CellType_2,Batch_1,Stage_0
Cell_849,CellType_2,Batch_2,Stage_1
Cell_850,CellType_2,Batch_2,Stage_0
Cell_851,CellType_2,Batch_0,Stage_2
Cell_852,CellType_2,Batch_1,Stage_2
Cell_853,CellType_2,Batch_2,Stage_2
Cell_854,CellType_2,Batch_1,Stage_1
Cell_855,CellType_2,Batch_1,Stage_1
Cell_856,CellType_2,Batch_1,Stage_0
Cell_857,CellType_2,Batch_1,Stage_1
Cell_858,CellType_2,Batch_1,Stage_3
Cell_859,CellType_2,Batch_0,Stage_0
Cell_860,CellType_2,Batch_0,Stage_3
Cell_861,CellType_2,Batch_2,Stage_3
Cell_862,CellType_2,Batch_0,Stage_0
Cell_863,CellType_2,Batch_2,Stage_0
Cell_864,CellType_2,Batch_2,Stage_1
Cell_865,CellType_2,Batch_2,Stage_2
Cell_866,CellType_2,Batch_2,Stage_2
Cell_867,CellType_2,Batch_1,Stage_0
Cell_868,CellType_2,Batch_2,Stage_1
Cell_869,CellType_2,Batch_1,Stage_1
Cell_870,CellType_2,Batch_2,Stage_2
Cell_871,CellType_2,Batch_1,Stage_3
Cell_872,CellType_2,Batch_2,Stage_3
Cell_873,CellType_2,Batch_1,Stage_0
Cell_874,CellType_2,Batch_0,Stage_1
Cell_875,CellType_2,Batch_1,Stage_3
Cell_876,CellType_2,Batch_1,Stage_1
Cell_877,CellType_2,Batch_2,Stage_0
Cell_878,CellType_2,Batch_1,Stage_3
Cell_879,CellType_2,Batch_2,Stage_1
Cell_880,CellType_2,Batch_2,Stage_1
Cell_881,CellType_2,Batch_2,Stage_2
Cell_882,CellType_2,Batch_1,Stage_3
Cell_883,CellType_2,Batch_0,Stage_3
Cell_884,CellType_2,Batch_0,Stage_0
Cell_885,CellType_2,Batch_0,Stage_3
Cell_886,CellType_2,Batch_0,Stage_1
Cell_887,CellType_2,Batch_0,Stage_1
Cell_888,CellType_2,Batch_1,Stage_1
Cell_889,CellType_2,Batch_0,Stage_2
Cell_890,CellType_2,Batch_2,Stage_3
Cell_891,CellType_2,Batch_0,Stage_2
Cell_892,CellType_2,Batch_2,Stage_2
Cell_893,CellType_2,Batch_0,Stage_2
Cell_894,CellType_2,Batch_0,Stage_0
Cell_895,CellType_2,Batch_2,Stage_1
Cell_896,CellType_2,Batch_1,Stage_1
Cell_897,CellType_2,Batch_0,Stage_3
Cell_898,CellType_2,Batch_1,Stage_3
Cell_899,CellType_2,Batch_0,Stage_1
Cell_900,CellType_2,Batch_1,Stage_2
Cell_901,CellType_2,Batch_0,Stage_0
Cell_902,CellType_2,Batch_0,Stage_0
Cell_903,CellType_2,Batch_1,Stage_2
Cell_904,CellType_2,Batch_1,Stage_2
Cell_905,CellType_2,Batch_0,Stage_2
Cell_906,CellType_2,Batch_0,Stage_2
Cell_907,CellType_2,Batch_2,Stage_2
Cell_908,CellType_2,Batch_1,Stage_0
Cell_909,CellType_2,Batch_2,Stage_0
Cell_910,CellType_2,Batch_2,Stage_0
Cell_911,CellType_2,Batch_2,Stage_3
Cell_912,CellType_2,Batch_2,Stage_2
Cell_913,CellType_2,Batch_1,Stage_2
Cell_914,CellType_2,Batch_0,Stage_1
Cell_915,CellType_2,Batch_1,Stage_2
Cell_916,CellType_2,Batch_1,Stage_3
Cell_917,CellType_2,Batch_1,Stage_0
Cell_918,CellType_2,Batch_1,Stage_0
Cell_919,CellType_2,Batch_0,Stage_2
Cell_920,CellType_2,Batch_0,Stage_3
Cell_921,CellType_2,Batch_1,Stage_2
Cell_922,CellType_2,Batch_2,Stage_2
Cell_923,CellType_2,Batch_0,Stage_3
Cell_924,CellType_2,Batch_0,Stage_1
Cell_925,CellType_2,Batch_0,Stage_1
Cell_926,CellType_2,Batch_0,Stage_2
Cell_927,CellType_2,Batch_1,Stage_3
Cell_928,CellType_2,Batch_0,Stage_2
Cell_929,CellType_2,Batch_1,Stage_0
Cell_930,CellType_2,Batch_0,Stage_3
Cell_931,CellType_2,Batch_2,Stage_2
Cell_932,CellType_2,Batch_2,Stage_2
Cell_933,CellType_2,Batch_2,Stage_0
Cell_934,CellType_2,Batch_1,Stage_3
Cell_935,CellType_2,Batch_0,Stage_0
Cell_936,CellType_2,Batch_2,Stage_2
Cell_937,CellType_2,Batch_1,Stage_2
Cell_938,CellType_2,Batch_2,Stage_2
Cell_939,CellType_2,Batch_1,Stage_3
Cell_940,CellType_2,Batch_0,Stage_2
Cell_941,CellType_2,Batch_1,Stage_3
Cell_942,CellType_2,Batch_1,Stage_0
Cell_943,CellType_2,Batch_0,Stage_3
Cell_944,CellType_2,Batch_1,Stage_0
Cell_945,CellType_2,Batch_2,Stage_0
Cell_946,CellType_2,Batch_0,Stage_2
Cell_947,CellType_2,Batch_0,Stage_3
Cell_948,CellType_2,Batch_1,Stage_1
Cell_949,CellType_2,Batch_1,Stage_1
Cell_950,CellType_2,Batch_1,Stage_2
Cell_951,CellType_2,Batch_1,Stage_1
Cell_952,CellType_2,Batch_2,Stage_3
Cell_953,CellType_2,Batch_0,Stage_2
Cell_954,CellType_2,Batch_1,Stage_3
Cell_955,CellType_2,Batch_0,Stage_0
Cell_956,CellType_2,Batch_2,Stage_0
Cell_957,CellType_2,Batch_2,Stage_0
Cell_958,CellType_2,Batch_1,Stage_0
Cell_959,CellType_2,Batch_1,Stage_0
Cell_960,CellType_2,Batch_1,Stage_2
Cell_961,CellType_2,Batch_1,Stage_2
Cell_962,CellType_2,Batch_0,Stage_1
Cell_963,CellType_2,Batch_0,Stage_3
Cell_964,CellType_2,Batch_1,Stage_3
Cell_965,CellType_2,Batch_0,Stage_2
Cell_966,CellType_2,Batch_1,Stage_3
Cell_967,CellType_2,Batch_2,Stage_2
Cell_968,CellType_2,Batch_0,Stage_1
Cell_969,CellType_2,Batch_2,Stage_1
Cell_970,CellType_2,Batch_2,Stage_1
Cell_971,CellType_2,Batch_2,Stage_3
Cell_972,CellType_2,Batch_0,Stage_1
Cell_973,CellType_2,Batch_0,Stage_2
Cell_974,CellType_2,Batch_1,Stage_0
Cell_975,CellType_2,Batch_0,Stage_1
Cell_976,CellType_2,Batch_1,Stage_3
Cell_977,CellType_2,Batch_2,Stage_3
Cell_978,CellType_2,Batch_2,Stage_3
Cell_979,CellType_2,Batch_2,Stage_3
Cell_980,CellType_2,Batch_1,Stage_0
Cell_981,CellType_2,Batch_1,Stage_0
Cell_982,CellType_2,Batch_1,Stage_1
Cell_983,CellType_2,Batch_0,Stage_1
Cell_984,CellType_2,Batch_1,Stage_2
Cell_985,CellType_2,Batch_2,Stage_1
Cell_986,CellType_2,Batch_0,Stage_0
Cell_987,CellType_2,Batch_0,Stage_1
Cell_988,CellType_2,Batch_1,Stage_0
Cell_989,CellType_2,Batch_2,Stage_0
Cell_990,CellType_2,Batch_0,Stage_3
Cell_991,CellType_2,Batch_2,Stage_3
Cell_992,CellType_2,Batch_1,Stage_2
Cell_993,CellType_2,Batch_0,Stage_0
Cell_994,CellType_2,Batch_0,Stage_0
Cell_995,CellType_2,Batch_2,Stage_3
Cell_996,CellType_2,Batch_2,Stage_2
Cell_997,CellType_2,Batch_0,Stage_0
Cell_998,CellType_2,Batch_2,Stage_1
Cell_999,CellType_2,Batch_1,Stage_1
Cell_1000,CellType_2,Batch_2,Stage_2
Cell_1001,CellType_2,Batch_0,Stage_0
Cell_1002,CellType_2,Batch_2,Stage_1
Cell_1003,CellType_2,Batch_1,Stage_0
Cell_1004,CellType_2,Batch_2,Stage_1
Cell_1005,CellType_2,Batch_0,Stage_3
Cell_1006,CellType_2,Batch_2,Stage_2
Cell_1007,CellType_2,Batch_2,Stage_3
Cell_1008,CellType_2,Batch_1,Stage_3
Cell_1009,CellType_2,Batch_2,Stage_0
Cell_1010,CellType_2,Batch_2,Stage_3
Cell_1011,CellType_2,Batch_0,Stage_1
Cell_1012,CellType_2,Batch_1,Stage_1
Cell_1013,CellType_2,Batch_0,Stage_3
Cell_1014,CellType_2,Batch_0,Stage_1
Cell_1015,CellType_2,Batch_1,Stage_1
Cell_1016,CellType_2,Batch_2,Stage_2
Cell_1017,CellType_2,Batch_1,Stage_0
Cell_1018,CellType_2,Batch_2,Stage_3
Cell_1019,CellType_2,Batch_0,Stage_2
Cell_1020,CellType_2,Batch_0,Stage_3
Cell_1021,CellType_2,Batch_2,Stage_2
Cell_1022,CellType_2,Batch_1,Stage_3
Cell_1023,CellType_2,Batch_0,Stage_1
Cell_1024,CellType_2,Batch_2,Stage_1
Cell_1025,CellType_2,Batch_2,Stage_0
Cell_1026,CellType_2,Batch_1,Stage_1
Cell_1027,CellType_2,Batch_0,Stage_1
Cell_1028,CellType_2,Batch_0,Stage_2
Cell_1029,CellType_2,Batch_0,Stage_0
Cell_1030,CellType_2,Batch_0,Stage_0
Cell_1031,CellType_2,Batch_2,Stage_2
Cell_1032,CellType_2,Batch_0,Stage_1
Cell_1033,CellType_2,Batch_0,Stage_3
Cell_1034,CellType_2,Batch_1,Stage_1
Cell_1035,CellType_2,Batch_2,Stage_2
Cell_1036,CellType_2,Batch_0,Stage_2
Cell_1037,CellType_2,Batch_1,Stage_1
Cell_1038,CellType_2,Batch_2,Stage_0
Cell_1039,CellType_2,Batch_0,Stage_0
Cell_1040,CellType_2,Batch_1,Stage_3
Cell_1041,CellType_2,Batch_0,Stage_2
Cell_1042,CellType_2,Batch_0,Stage_1
Cell_1043,CellType_2,Batch_1,Stage_0
Cell_1044,CellType_2,Batch_0,Stage_2
Cell_1045,CellType_2,Batch_1,Stage_3
Cell_1046,CellType_2,Batch_1,Stage_0
Cell_1047,CellType_2,Batch_2,Stage_3
Cell_1048,CellType_2,Batch_0,Stage_3
Cell_1049,CellType_2,Batch_0,Stage_3
Cell_1050,CellType_2,Batch_1,Stage_3
Cell_1051,CellType_2,Batch_0,Stage_1
Cell_1052,CellType_2,Batch_2,Stage_3
Cell_1053,CellType_2,Batch_2,Stage_3
Cell_1054,CellType_2,Batch_1,Stage_1
Cell_1055,CellType_2,Batch_2,Stage_3
Cell_1056,CellType_2,Batch_2,Stage_3
Cell_1057,CellType_2,Batch_1,Stage_1
Cell_1058,CellType_2,Batch_1,Stage_1
Cell_1059,CellType_2,Batch_0,Stage_1
Cell_1060,CellType_2,Batch_1,Stage_2
Cell_1061,CellType_2,Batch_0,Stage_3
Cell_1062,CellType_2,Batch_0,Stage_0
Cell_1063,CellType_2,Batch_2,Stage_3
Cell_1064,CellType_2,Batch_2,Stage_1
Cell_1065,CellType_2,Batch_1,Stage_1
Cell_1066,CellType_2,Batch_2,Stage_3
Cell_1067,CellType_2,Batch_1,Stage_3
Cell_1068,CellType_2,Batch_2,Stage_1
Cell_1069,CellType_2,Batch_1,Stage_2
Cell_1070,CellType_2,Batch_1,Stage_2
Cell_1071,CellType_2,Batch_2,Stage_2
Cell_1072,CellType_2,Batch_2,Stage_1
Cell_1073,CellType_2,Batch_1,Stage_0
Cell_1074,CellType_2,Batch_2,Stage_1
Cell_1075,CellType_2,Batch_0,Stage_3
Cell_1076,CellType_2,Batch_1,Stage_1
Cell_1077,CellType_2,Batch_0,Stage_2
Cell_1078,CellType_2,Batch_0,Stage_1
Cell_1079,CellType_2,Batch_0,Stage_2
Cell_1080,CellType_2,Batch_1,Stage_2
Cell_1081,CellType_2,Batch_2,Stage_0
Cell_1082,CellType_2,Batch_0,Stage_1
Cell_1083,CellType_2,Batch_2,Stage_3
Cell_1084,CellType_2,Batch_1,Stage_1
Cell_1085,CellType_2,Batch_0,Stage_2
Cell_1086,CellType_2,Batch_0,Stage_2
Cell_1087,CellType_2,Batch_1,Stage_0
Cell_1088,CellType_2,Batch_2,Stage_1
Cell_1089,CellType_2,Batch_0,Stage_1
Cell_1090,CellType_2,Batch_1,Stage_3
Cell_1091,CellType_2,Batch_1,Stage_1
Cell_1092,CellType_2,Batch_1,Stage_2
Cell_1093,CellType_2,Batch_1,Stage_3
Cell_1094,CellType_2,Batch_1,Stage_1
Cell_1095,CellType_2,Batch_2,Stage_0
Cell_1096,CellType_2,Batch_0,Stage_2
Cell_1097,CellType_2,Batch_2,Stage_3
Cell_1098,CellType_2,Batch_1,Stage_0
Cell_1099,CellType_2,Batch_0,Stage_1
Cell_1100,CellType_2,Batch_1,Stage_3
Cell_1101,CellType_2,Batch_0,Stage_2
Cell_1102,CellType_2,Batch_0,Stage_2
Cell_1103,CellType_2,Batch_0,Stage_1
Cell_1104,CellType_2,Batch_2,Stage_3
Cell_1105,CellType_2,Batch_2,Stage_0
Cell_1106,CellType_2,Batch_1,Stage_0
Cell_1107,CellType_2,Batch_0,Stage_0
Cell_1108,CellType_2,Batch_1,Stage_3
Cell_1109,CellType_2,Batch_0,Stage_2
Cell_1110,CellType_2,Batch_0,Stage_1
Cell_1111,CellType_2,Batch_1,Stage_0
Cell_1112,CellType_2,Batch_2,Stage_3
Cell_1113,CellType_2,Batch_0,Stage_2
Cell_1114,CellType_2,Batch_2,Stage_0
Cell_1115,CellType_2,Batch_0,Stage_2
Cell_1116,CellType_2,Batch_2,Stage_1
Cell_1117,CellType_2,Batch_2,Stage_2
Cell_1118,CellType_2,Batch_0,Stage_2
Cell_1119,CellType_2,Batch_0,Stage_0
Cell_1120,CellType_2,Batch_2,Stage_3
Cell_1121,CellType_2,Batch_1,Stage_2
Cell_1122,CellType_2,Batch_2,Stage_1
Cell_1123,CellType_2,Batch_1,Stage_2
Cell_1124,CellType_2,Batch_2,Stage_1
Cell_1125,CellType_2,Batch_2,Stage_0
Cell_1126,CellType_2,Batch_1,Stage_3
Cell_1127,CellType_2,Batch_0,Stage_3
Cell_1128,CellType_2,Batch_2,Stage_0
Cell_1129,CellType_2,Batch_1,Stage_3
Cell_1130,CellType_2,Batch_0,Stage_0
Cell_1131,CellType_2,Batch_2,Stage_1
Cell_1132,CellType_2,Batch_0,Stage_2
Cell_1133,CellType_2,Batch_0,Stage_1
Cell_1134,CellType_2,Batch_2,Stage_1
Cell_1135,CellType_2,Batch_2,Stage_2
Cell_1136,CellType_2,Batch_2,Stage_0
Cell_1137,CellType_2,Batch_2,Stage_3
Cell_1138,CellType_2,Batch_0,Stage_2
Cell_1139,CellType_2,Batch_0,Stage_1
Cell_1140,CellType_2,Batch_0,Stage_2
Cell_1141,CellType_2,Batch_1,Stage_0
Cell_1142,CellType_2,Batch_1,Stage_1
Cell_1143,CellType_2,Batch_1,Stage_0
Cell_1144,CellType_2,Batch_1,Stage_3
Cell_1145,CellType_2,Batch_0,Stage_3
Cell_1146,CellType_2,Batch_1,Stage_1
Cell_1147,CellType_2,Batch_2,Stage_3
Cell_1148,CellType_2,Batch_0,Stage_3
Cell_1149,CellType_2,Batch_0,Stage_3
Cell_1150,CellType_2,Batch_1,Stage_2
Cell_1151,CellType_2,Batch_0,Stage_0
Cell_1152,CellType_2,Batch_1,Stage_0
Cell_1153,CellType_2,Batch_1,Stage_1
Cell_1154,CellType_2,Batch_1,Stage_2
Cell_1155,CellType_2,Batch_2,Stage_0
Cell_1156,CellType_2,Batch_0,Stage_2
Cell_1157,CellType_2,Batch_0,Stage_2
Cell_1158,CellType_2,Batch_2,Stage_0
Cell_1159,CellType_2,Batch_2,Stage_1
Cell_1160,CellType_2,Batch_0,Stage_1
Cell_1161,CellType_2,Batch_1,Stage_0
Cell_1162,CellType_2,Batch_0,Stage_2
Cell_1163,CellType_2,Batch_2,Stage_0
Cell_1164,CellType_2,Batch_0,Stage_2
Cell_1165,CellType_2,Batch_2,Stage_2
Cell_1166,CellType_2,Batch_2,Stage_3
Cell_1167,CellType_2,Batch_2,Stage_3
Cell_1168,CellType_2,Batch_1,Stage_0
Cell_1169,CellType_2,Batch_1,Stage_1
Cell_1170,CellType_2,Batch_0,Stage_0
Cell_1171,CellType_2,Batch_1,Stage_0
Cell_1172,CellType_2,Batch_1,Stage_3
Cell_1173,CellType_2,Batch_2,Stage_0
Cell_1174,CellType_2,Batch_0,Stage_2
Cell_1175,CellType_2,Batch_2,Stage_3
Cell_1176,CellType_2,Batch_0,Stage_3
Cell_1177,CellType_2,Batch_1,Stage_0
Cell_1178,CellType_2,Batch_1,Stage_2
Cell_1179,CellType_2,Batch_0,Stage_0
Cell_1180,CellType_2,Batch_2,Stage_3
Cell_1181,CellType_2,Batch_0,Stage_2
Cell_1182,CellType_2,Batch_2,Stage_2
Cell_1183,CellType_2,Batch_0,Stage_3
Cell_1184,CellType_2,Batch_2,Stage_3
Cell_1185,CellType_2,Batch_1,Stage_0
Cell_1186,CellType_2,Batch_2,Stage_2
Cell_1187,CellType_2,Batch_2,Stage_2
Cell_1188,CellType_2,Batch_2,Stage_2
Cell_1189,CellType_2,Batch_1,Stage_3
Cell_1190,CellType_2,Batch_2,Stage_3
Cell_1191,CellType_2,Batch_2,Stage_0
Cell_1192,CellType_2,Batch_1,Stage_1
Cell_1193,CellType_2,Batch_1,Stage_2
Cell_1194,CellType_2,Batch_1,Stage_1
Cell_1195,CellType_2,Batch_0,Stage_0
Cell_1196,CellType_2,Batch_2,Stage_2
Cell_1197,CellType_2,Batch_1,Stage_2
Cell_1198,CellType_2,Batch_2,Stage_3
Cell_1199,CellType_2,Batch_0,Stage_3
Cell_1200,CellType_3,Batch_1,Stage_1
Cell_1201,CellType_3,Batch_2,Stage_2
Cell_1202,CellType_3,Batch_1,Stage_1
Cell_1203,CellType_3,Batch_1,Stage_3
Cell_1204,CellType_3,Batch_0,Stage_0
Cell_1205,CellType_3,Batch_0,Stage_3
Cell_1206,CellType_3,Batch_1,Stage_2
Cell_1207,CellType_3,Batch_2,Stage_2
Cell_1208,CellType_3,Batch_2,Stage_3
Cell_1209,CellType_3,Batch_1,Stage_1
Cell_1210,CellType_3,Batch_0,Stage_3
Cell_1211,CellType_3,Batch_0,Stage_0
Cell_1212,CellType_3,Batch_1,Stage_3
Cell_1213,CellType_3,Batch_0,Stage_2
Cell_1214,CellType_3,Batch_2,Stage_0
Cell_1215,CellType_3,Batch_2,Stage_2
Cell_1216,CellType_3,Batch_0,Stage_0
Cell_1217,CellType_3,Batch_2,Stage_3
Cell_1218,CellType_3,Batch_2,Stage_1
Cell_1219,CellType_3,Batch_2,Stage_2
Cell_1220,CellType_3,Batch_2,Stage_1
Cell_1221,CellType_3,Batch_2,Stage_2
Cell_1222,CellType_3,Batch_0,Stage_3
Cell_1223,CellType_3,Batch_1,Stage_1
Cell_1224,CellType_3,Batch_2,Stage_3
Cell_1225,CellType_3,Batch_1,Stage_1
Cell_1226,CellType_3,Batch_1,Stage_0
Cell_1227,CellType_3,Batch_2,Stage_0
Cell_1228,CellType_3,Batch_0,Stage_1
Cell_1229,CellType_3,Batch_1,Stage_1
Cell_1230,CellType_3,Batch_2,Stage_3
Cell_1231,CellType_3,Batch_1,Stage_2
Cell_1232,CellType_3,Batch_1,Stage_2
Cell_1233,CellType_3,Batch_1,Stage_3
Cell_1234,CellType_3,Batch_2,Stage_2
Cell_1235,CellType_3,Batch_1,Stage_1
Cell_1236,CellType_3,Batch_1,Stage_3
Cell_1237,CellType_3,Batch_0,Stage_1
Cell_1238,CellType_3,Batch_2,Stage_1
Cell_1239,CellType_3,Batch_2,Stage_0
Cell_1240,CellType_3,Batch_0,Stage_2
Cell_1241,CellType_3,Batch_0,Stage_1
Cell_1242,CellType_3,Batch_0,Stage_1
Cell_1243,CellType_3,Batch_0,Stage_1
Cell_1244,CellType_3,Batch_0,Stage_0
Cell_1245,CellType_3,Batch_2,Stage_2
Cell_1246,CellType_3,Batch_2,Stage_3
Cell_1247,CellType_3,Batch_1,Stage_2
Cell_1248,CellType_3,Batch_0,Stage_1
Cell_1249,CellType_3,Batch_0,Stage_1
Cell_1250,CellType_3,Batch_0,Stage_2
Cell_1251,CellType_3,Batch_0,Stage_3
Cell_1252,CellType_3,Batch_0,Stage_3
Cell_1253,CellType_3,Batch_1,Stage_0
Cell_1254,CellType_3,Batch_1,Stage_1
Cell_1255,CellType_3,Batch_0,Stage_1
Cell_1256,CellType_3,Batch_2,Stage_2
Cell_1257,CellType_3,Batch_1,Stage_3
Cell_1258,CellType_3,Batch_0,Stage_2
Cell_1259,CellType_3,Batch_0,Stage_0
Cell_1260,CellType_3,Batch_2,Stage_0
Cell_1261,CellType_3,Batch_0,Stage_1
Cell_1262,CellType_3,Batch_2,Stage_0
Cell_1263,CellType_3,Batch_1,Stage_3
Cell_1264,CellType_3,Batch_1,Stage_3
Cell_1265,CellType_3,Batch_2,Stage_2
Cell_1266,CellType_3,Batch_0,Stage_1
Cell_1267,CellType_3,Batch_2,Stage_0
Cell_1268,CellType_3,Batch_0,Stage_1
Cell_1269,CellType_3,Batch_0,Stage_1
Cell_1270,CellType_3,Batch_2,Stage_3
Cell_1271,CellType_3,Batch_1,Stage_1
Cell_1272,CellType_3,Batch_2,Stage_3
Cell_1273,CellType_3,Batch_2,Stage_2
Cell_1274,CellType_3,Batch_1,Stage_0
Cell_1275,CellType_3,Batch_1,Stage_2
Cell_1276,CellType_3,Batch_2,Stage_1
Cell_1277,CellType_3,Batch_0,Stage_1
Cell_1278,CellType_3,Batch_2,Stage_0
Cell_1279,CellType_3,Batch_1,Stage_3
Cell_1280,CellType_3,Batch_2,Stage_2
Cell_1281,CellType_3,Batch_0,Stage_2
Cell_1282,CellType_3,Batch_2,Stage_2
Cell_1283,CellType_3,Batch_2,Stage_2
Cell_1284,CellType_3,Batch_1,Stage_3
Cell_1285,CellType_3,Batch_2,Stage_1
Cell_1286,CellType_3,Batch_2,Stage_2
Cell_1287,CellType_3,Batch_2,Stage_3
Cell_1288,CellType_3,Batch_1,Stage_3
Cell_1289,CellType_3,Batch_0,Stage_2
Cell_1290,CellType_3,Batch_2,Stage_3
Cell_1291,CellType_3,Batch_0,Stage_0
Cell_1292,CellType_3,Batch_2,Stage_1
Cell_1293,CellType_3,Batch_2,Stage_0
Cell_1294,CellType_3,Batch_2,Stage_0
Cell_1295,CellType_3,Batch_0,Stage_1
Cell_1296,CellType_3,Batch_1,Stage_3
Cell_1297,CellType_3,Batch_1,Stage_2
Cell_1298,CellType_3,Batch_1,Stage_2
Cell_1299,CellType_3,Batch_2,Stage_2
Cell_1300,CellType_3,Batch_1,Stage_0
Cell_1301,CellType_3,Batch_1,Stage_1
Cell_1302,CellType_3,Batch_1,Stage_3
Cell_1303,CellType_3,Batch_0,Stage_2
Cell_1304,CellType_3,Batch_2,Stage_0
Cell_1305,CellType_3,Batch_0,Stage_0
Cell_1306,CellType_3,Batch_0,Stage_1
Cell_1307,CellType_3,Batch_1,Stage_3
Cell_1308,CellType_3,Batch_1,Stage_0
Cell_1309,CellType_3,Batch_1,Stage_3
Cell_1310,CellType_3,Batch_1,Stage_3
Cell_1311,CellType_3,Batch_2,Stage_1
Cell_1312,CellType_3,Batch_2,Stage_0
Cell_1313,CellType_3,Batch_1,Stage_2
Cell_1314,CellType_3,Batch_2,Stage_3
Cell_1315,CellType_3,Batch_1,Stage_3
Cell_1316,CellType_3,Batch_1,Stage_2
Cell_1317,CellType_3,Batch_1,Stage_0
Cell_1318,CellType_3,Batch_0,Stage_0
Cell_1319,CellType_3,Batch_2,Stage_0
Cell_1320,CellType_3,Batch_1,Stage_1
Cell_1321,CellType_3,Batch_0,Stage_2
Cell_1322,CellType_3,Batch_2,Stage_3
Cell_1323,CellType_3,Batch_0,Stage_2
Cell_1324,CellType_3,Batch_2,Stage_2
Cell_1325,CellType_3,Batch_2,Stage_2
Cell_1326,CellType_3,Batch_1,Stage_3
Cell_1327,CellType_3,Batch_1,Stage_0
Cell_1328,CellType_3,Batch_1,Stage_2
Cell_1329,CellType_3,Batch_0,Stage_0
Cell_1330,CellType_3,Batch_0,Stage_3
Cell_1331,CellType_3,Batch_0,Stage_2
Cell_1332,CellType_3,Batch_1,Stage_3
Cell_1333,CellType_3,Batch_0,Stage_2
Cell_1334,CellType_3,Batch_0,Stage_0
Cell_1335,CellType_3,Batch_2,Stage_0
Cell_1336,CellType_3,Batch_1,Stage_2
Cell_1337,CellType_3,Batch_2,Stage_2
Cell_1338,CellType_3,Batch_1,Stage_2
Cell_1339,CellType_3,Batch_2,Stage_1
Cell_1340,CellType_3,Batch_2,Stage_0
Cell_1341,CellType_3,Batch_1,Stage_3
Cell_1342,CellType_3,Batch_2,Stage_0
Cell_1343,CellType_3,Batch_2,Stage_0
Cell_1344,CellType_3,Batch_0,Stage_2
Cell_1345,CellType_3,Batch_0,Stage_3
Cell_1346,CellType_3,Batch_0,Stage_2
Cell_1347,CellType_3,Batch_2,Stage_2
Cell_1348,CellType_3,Batch_0,Stage_0
Cell_1349,CellType_3,Batch_0,Stage_0
Cell_1350,CellType_3,Batch_0,Stage_0
Cell_1351,CellType_3,Batch_2,Stage_2
Cell_1352,CellType_3,Batch_1,Stage_1
Cell_1353,CellType_3,Batch_0,Stage_3
Cell_1354,CellType_3,Batch_0,Stage_0
Cell_1355,CellType_3,Batch_0,Stage_1
Cell_1356,CellType_3,Batch_0,Stage_0
Cell_1357,CellType_3,Batch_1,Stage_1
Cell_1358,CellType_3,Batch_0,Stage_3
Cell_1359,CellType_3,Batch_0,Stage_3
Cell_1360,CellType_3,Batch_2,Stage_3
Cell_1361,CellType_3,Batch_1,Stage_2
Cell_1362,CellType_3,Batch_2,Stage_0
Cell_1363,CellType_3,Batch_1,Stage_1
Cell_1364,CellType_3,Batch_2,Stage_0
Cell_1365,CellType_3,Batch_0,Stage_3
Cell_1366,CellType_3,Batch_2,Stage_0
Cell_1367,CellType_3,Batch_2,Stage_1
Cell_1368,CellType_3,Batch_0,Stage_3
Cell_1369,CellType_3,Batch_2,Stage_3
Cell_1370,CellType_3,Batch_0,Stage_1
Cell_1371,CellType_3,Batch_2,Stage_2
Cell_1372,CellType_3,Batch_1,Stage_1
Cell_1373,CellType_3,Batch_1,Stage_1
Cell_1374,CellType_3,Batch_0,Stage_3
Cell_1375,CellType_3,Batch_0,Stage_3
Cell_1376,CellType_3,Batch_2,Stage_0
Cell_1377,CellType_3,Batch_0,Stage_3
Cell_1378,CellType_3,Batch_1,Stage_3
Cell_1379,CellType_3,Batch_1,Stage_3
Cell_1380,CellType_3,Batch_1,Stage_1
Cell_1381,CellType_3,Batch_1,Stage_1
Cell_1382,CellType_3,Batch_1,Stage_3
Cell_1383,CellType_3,Batch_0,Stage_0
Cell_1384,CellType_3,Batch_0,Stage_3
Cell_1385,CellType_3,Batch_1,Stage_3
Cell_1386,CellType_3,Batch_2,Stage_1
Cell_1387,CellType_3,Batch_2,Stage_0
Cell_1388,CellType_3,Batch_0,Stage_0
Cell_1389,CellType_3,Batch_1,Stage_3
Cell_1390,CellType_3,Batch_0,Stage_3
Cell_1391,CellType_3,Batch_1,Stage_0
Cell_1392,CellType_3,Batch_0,Stage_3
Cell_1393,CellType_3,Batch_1,Stage_1
Cell_1394,CellType_3,Batch_1,Stage_2
Cell_1395,CellType_3,Batch_1,Stage_0
Cell_1396,CellType_3,Batch_2,Stage_2
Cell_1397,CellType_3,Batch_1,Stage_3
Cell_1398,CellType_3,Batch_1,Stage_2
Cell_1399,CellType_3,Batch_0,Stage_0
Cell_1400,CellType_3,Batch_0,Stage_1
Cell_1401,CellType_3,Batch_0,Stage_2
Cell_1402,CellType_3,Batch_1,Stage_3
Cell_1403,CellType_3,Batch_0,Stage_3
Cell_1404,CellType_3,Batch_2,Stage_1
Cell_1405,CellType_3,Batch_2,Stage_1
Cell_1406,CellType_3,Batch_1,Stage_1
Cell_1407,CellType_3,Batch_2,Stage_1
Cell_1408,CellType_3,Batch_2,Stage_2
Cell_1409,CellType_3,Batch_0,Stage_0
Cell_1410,CellType_3,Batch_0,Stage_0
Cell_1411,CellType_3,Batch_0,Stage_2
Cell_1412,CellType_3,Batch_0,Stage_2
Cell_1413,CellType_3,Batch_2,Stage_1
Cell_1414,CellType_3,Batch_1,Stage_3
Cell_1415,CellType_3,Batch_2,Stage_3
Cell_1416,CellType_3,Batch_1,Stage_1
Cell_1417,CellType_3,Batch_1,Stage_2
Cell_1418,CellType_3,Batch_2,Stage_0
Cell_1419,CellType_3,Batch_1,Stage_0
Cell_1420,CellType_3,Batch_1,Stage_2
Cell_1421,CellType_3,Batch_0,Stage_3
Cell_1422,CellType_3,Batch_0,Stage_1
Cell_1423,CellType_3,Batch_2,Stage_2
Cell_1424,CellType_3,Batch_0,Stage_0
Cell_1425,CellType_3,Batch_1,Stage_2
Cell_1426,CellType_3,Batch_1,Stage_2
Cell_1427,CellType_3,Batch_0,Stage_2
Cell_1428,CellType_3,Batch_0,Stage_2
Cell_1429,CellType_3,Batch_2,Stage_1
Cell_1430,CellType_3,Batch_1,Stage_3
Cell_1431,CellType_3,Batch_2,Stage_3
Cell_1432,CellType_3,Batch_0,Stage_2
Cell_1433,CellType_3,Batch_2,Stage_0
Cell_1434,CellType_3,Batch_2,Stage_0
Cell_1435,CellType_3,Batch_0,Stage_3
Cell_1436,CellType_3,Batch_1,Stage_2
Cell_1437,CellType_3,Batch_2,Stage_2
Cell_1438,CellType_3,Batch_2,Stage_3
Cell_1439,CellType_3,Batch_0,Stage_3
Cell_1440,CellType_3,Batch_1,Stage_3
Cell_1441,CellType_3,Batch_0,Stage_0
Cell_1442,CellType_3,Batch_2,Stage_1
Cell_1443,CellType_3,Batch_1,Stage_2
Cell_1444,CellType_3,Batch_1,Stage_1
Cell_1445,CellType_3,Batch_2,Stage_3
Cell_1446,CellType_3,Batch_2,Stage_2
Cell_1447,CellType_3,Batch_0,Stage_3
Cell_1448,CellType_3,Batch_1,Stage_0
Cell_1449,CellType_3,Batch_2,Stage_1
Cell_1450,CellType_3,Batch_1,Stage_1
Cell_1451,CellType_3,Batch_2,Stage_0
Cell_1452,CellType_3,Batch_1,Stage_3
Cell_1453,CellType_3,Batch_2,Stage_3
Cell_1454,CellType_3,Batch_0,Stage_1
Cell_1455,CellType_3,Batch_0,Stage_1
Cell_1456,CellType_3,Batch_0,Stage_0
Cell_1457,CellType_3,Batch_2,Stage_2
Cell_1458,CellType_3,Batch_0,Stage_3
Cell_1459,CellType_3,Batch_2,Stage_0
Cell_1460,CellType_3,Batch_1,Stage_3
Cell_1461,CellType_3,Batch_1,Stage_1
Cell_1462,CellType_3,Batch_2,Stage_3
Cell_1463,CellType_3,Batch_2,Stage_0
Cell_1464,CellType_3,Batch_2,Stage_2
Cell_1465,CellType_3,Batch_2,Stage_0
Cell_1466,CellType_3,Batch_0,Stage_1
Cell_1467,CellType_3,Batch_2,Stage_2
Cell_1468,CellType_3,Batch_0,Stage_2
Cell_1469,CellType_3,Batch_0,Stage_1
Cell_1470,CellType_3,Batch_0,Stage_0
Cell_1471,CellType_3,Batch_2,Stage_3
Cell_1472,CellType_3,Batch_0,Stage_3
Cell_1473,CellType_3,Batch_2,Stage_2
Cell_1474,CellType_3,Batch_1,Stage_3
Cell_1475,CellType_3,Batch_1,Stage_0
Cell_1476,CellType_3,Batch_2,Stage_3
Cell_1477,CellType_3,Batch_2,Stage_2
Cell_1478,CellType_3,Batch_2,Stage_0
Cell_1479,CellType_3,Batch_0,Stage_1
Cell_1480,CellType_3,Batch_1,Stage_0
Cell_1481,CellType_3,Batch_1,Stage_3
Cell_1482,CellType_3,Batch_1,Stage_1
Cell_1483,CellType_3,Batch_2,Stage_1
Cell_1484,CellType_3,Batch_1,Stage_1
Cell_1485,CellType_3,Batch_1,Stage_1
Cell_1486,CellType_3,Batch_0,Stage_3
Cell_1487,CellType_3,Batch_2,Stage_0
Cell_1488,CellType_3,Batch_1,Stage_1
Cell_1489,CellType_3,Batch_1,Stage_1
Cell_1490,CellType_3,Batch_0,Stage_2
Cell_1491,CellType_3,Batch_2,Stage_0
Cell_1492,CellType_3,Batch_0,Stage_3
Cell_1493,CellType_3,Batch_0,Stage_1
Cell_1494,CellType_3,Batch_0,Stage_1
Cell_1495,CellType_3,Batch_0,Stage_1
Cell_1496,CellType_3,Batch_2,Stage_0
Cell_1497,CellType_3,Batch_0,Stage_1
Cell_1498,CellType_3,Batch_2,Stage_3
Cell_1499,CellType_3,Batch_0,Stage_3
Cell_1500,CellType_3,Batch_1,Stage_2
Cell_1501,CellType_3,Batch_2,Stage_2
Cell_1502,CellType_3,Batch_0,Stage_0
Cell_1503,CellType_3,Batch_0,Stage_3
Cell_1504,CellType_3,Batch_2,Stage_1
Cell_1505,CellType_3,Batch_1,Stage_0
Cell_1506,CellType_3,Batch_2,Stage_2
Cell_1507,CellType_3,Batch_0,Stage_2
Cell_1508,CellType_3,Batch_0,Stage_2
Cell_1509,CellType_3,Batch_2,Stage_0
Cell_1510,CellType_3,Batch_1,Stage_0
Cell_1511,CellType_3,Batch_2,Stage_0
Cell_1512,CellType_3,Batch_2,Stage_1
Cell_1513,CellType_3,Batch_1,Stage_0
Cell_1514,CellType_3,Batch_0,Stage_1
Cell_1515,CellType_3,Batch_1,Stage_1
Cell_1516,CellType_3,Batch_1,Stage_3
Cell_1517,CellType_3,Batch_2,Stage_3
Cell_1518,CellType_3,Batch_0,Stage_3
Cell_1519,CellType_3,Batch_2,Stage_3
Cell_1520,CellType_3,Batch_0,Stage_0
Cell_1521,CellType_3,Batch_1,Stage_2
Cell_1522,CellType_3,Batch_1,Stage_1
Cell_1523,CellType_3,Batch_0,Stage_0
Cell_1524,CellType_3,Batch_1,Stage_3
Cell_1525,CellType_3,Batch_2,Stage_2
Cell_1526,CellType_3,Batch_2,Stage_3
Cell_1527,CellType_3,Batch_1,Stage_0
Cell_1528,CellType_3,Batch_2,Stage_2
Cell_1529,CellType_3,Batch_2,Stage_2
Cell_1530,CellType_3,Batch_0,Stage_1
Cell_1531,CellType_3,Batch_0,Stage_3
Cell_1532,CellType_3,Batch_2,Stage_1
Cell_1533,CellType_3,Batch_1,Stage_0
Cell_1534,CellType_3,Batch_0,Stage_0
Cell_1535,CellType_3,Batch_0,Stage_2
Cell_1536,CellType_3,Batch_0,Stage_3
Cell_1537,CellType_3,Batch_1,Stage_0
Cell_1538,CellType_3,Batch_1,Stage_0
Cell_1539,CellType_3,Batch_0,Stage_0
Cell_1540,CellType_3,Batch_1,Stage_3
Cell_1541,CellType_3,Batch_1,Stage_1
Cell_1542,CellType_3,Batch_2,Stage_3
Cell_1543,CellType_3,Batch_2,Stage_0
Cell_1544,CellType_3,Batch_0,Stage_2
Cell_1545,CellType_3,Batch_1,Stage_0
Cell_1546,CellType_3,Batch_1,Stage_2
Cell_1547,CellType_3,Batch_0,Stage_0
Cell_1548,CellType_3,Batch_2,Stage_0
Cell_1549,CellType_3,Batch_2,Stage_2
Cell_1550,CellType_3,Batch_0,Stage_1
Cell_1551,CellType_3,Batch_2,Stage_2
Cell_1552,CellType_3,Batch_0,Stage_2
Cell_1553,CellType_3,Batch_0,Stage_2
Cell_1554,CellType_3,Batch_2,Stage_2
Cell_1555,CellType_3,Batch_2,Stage_3
Cell_1556,CellType_3,Batch_2,Stage_2
Cell_1557,CellType_3,Batch_2,Stage_3
Cell_1558,CellType_3,Batch_2,Stage_1
Cell_1559,CellType_3,Batch_0,Stage_2
Cell_1560,CellType_3,Batch_1,Stage_0
Cell_1561,CellType_3,Batch_0,Stage_0
Cell_1562,CellType_3,Batch_1,Stage_1
Cell_1563,CellType_3,Batch_1,Stage_1
Cell_1564,CellType_3,Batch_1,Stage_1
Cell_1565,CellType_3,Batch_0,Stage_0
Cell_1566,CellType_3,Batch_0,Stage_3
Cell_1567,CellType_3,Batch_0,Stage_2
Cell_1568,CellType_3,Batch_1,Stage_1
Cell_1569,CellType_3,Batch_0,Stage_3
Cell_1570,CellType_3,Batch_1,Stage_3
Cell_1571,CellType_3,Batch_1,Stage_3
Cell_1572,CellType_3,Batch_2,Stage_1
Cell_1573,CellType_3,Batch_2,Stage_0
Cell_1574,CellType_3,Batch_1,Stage_2
Cell_1575,CellType_3,Batch_2,Stage_0
Cell_1576,CellType_3,Batch_1,Stage_3
Cell_1577,CellType_3,Batch_0,Stage_3
Cell_1578,CellType_3,Batch_1,Stage_3
Cell_1579,CellType_3,Batch_0,Stage_3
Cell_1580,CellType_3,Batch_1,Stage_2
Cell_1581,CellType_3,Batch_2,Stage_2
Cell_1582,CellType_3,Batch_1,Stage_3
Cell_1583,CellType_3,Batch_2,Stage_3
Cell_1584,CellType_3,Batch_2,Stage_1
Cell_1585,CellType_3,Batch_1,Stage_1
Cell_1586,CellType_3,Batch_2,Stage_1
Cell_1587,CellType_3,Batch_1,Stage_1
Cell_1588,CellType_3,Batch_0,Stage_0
Cell_1589,CellType_3,Batch_0,Stage_3
Cell_1590,CellType_3,Batch_0,Stage_1
Cell_1591,CellType_3,Batch_0,Stage_3
Cell_1592,CellType_3,Batch_0,Stage_2
Cell_1593,CellType_3,Batch_0,Stage_0
Cell_1594,CellType_3,Batch_1,Stage_2
Cell_1595,CellType_3,Batch_0,Stage_3
Cell_1596,CellType_3,Batch_2,Stage_2
Cell_1597,CellType_3,Batch_1,Stage_0
Cell_1598,CellType_3,Batch_2,Stage_3
Cell_1599,CellType_3,Batch_0,Stage_0
Cell_1600,CellType_4,Batch_1,Stage_0
Cell_1601,CellType_4,Batch_1,Stage_0
Cell_1602,CellType_4,Batch_1,Stage_1
Cell_1603,CellType_4,Batch_0,Stage_0
Cell_1604,CellType_4,Batch_0,Stage_3
Cell_1605,CellType_4,Batch_2,Stage_1
Cell_1606,CellType_4,Batch_2,Stage_2
Cell_1607,CellType_4,Batch_0,Stage_3
Cell_1608,CellType_4,Batch_0,Stage_1
Cell_1609,CellType_4,Batch_1,Stage_0
Cell_1610,CellType_4,Batch_2,Stage_0
Cell_1611,CellType_4,Batch_2,Stage_0
Cell_1612,CellType_4,Batch_2,Stage_2
Cell_1613,CellType_4,Batch_2,Stage_0
Cell_1614,CellType_4,Batch_0,Stage_1
Cell_1615,CellType_4,Batch_1,Stage_2
Cell_1616,CellType_4,Batch_1,Stage_0
Cell_1617,CellType_4,Batch_1,Stage_2
Cell_1618,CellType_4,Batch_1,Stage_3
Cell_1619,CellType_4,Batch_1,Stage_1
Cell_1620,CellType_4,Batch_2,Stage_2
Cell_1621,CellType_4,Batch_1,Stage_3
Cell_1622,CellType_4,Batch_1,Stage_3
Cell_1623,CellType_4,Batch_0,Stage_2
Cell_1624,CellType_4,Batch_2,Stage_1
Cell_1625,CellType_4,Batch_2,Stage_1
Cell_1626,CellType_4,Batch_2,Stage_2
Cell_1627,CellType_4,Batch_1,Stage_2
Cell_1628,CellType_4,Batch_1,Stage_2
Cell_1629,CellType_4,Batch_0,Stage_3
Cell_1630,CellType_4,Batch_0,Stage_0
Cell_1631,CellType_4,Batch_0,Stage_1
Cell_1632,CellType_4,Batch_2,Stage_0
Cell_1633,CellType_4,Batch_1,Stage_2
Cell_1634,CellType_4,Batch_0,Stage_1
Cell_1635,CellType_4,Batch_1,Stage_0
Cell_1636,CellType_4,Batch_0,Stage_1
Cell_1637,CellType_4,Batch_0,Stage_0
Cell_1638,CellType_4,Batch_0,Stage_0
Cell_1639,CellType_4,Batch_1,Stage_3
Cell_1640,CellType_4,Batch_0,Stage_1
Cell_1641,CellType_4,Batch_1,Stage_1
Cell_1642,CellType_4,Batch_1,Stage_1
Cell_1643,CellType_4,Batch_0,Stage_3
Cell_1644,CellType_4,Batch_1,Stage_2
Cell_1645,CellType_4,Batch_1,Stage_0
Cell_1646,CellType_4,Batch_2,Stage_0
Cell_1647,CellType_4,Batch_0,Stage_0
Cell_1648,CellType_4,Batch_2,Stage_3
Cell_1649,CellType_4,Batch_2,Stage_1
Cell_1650,CellType_4,Batch_0,Stage_1
Cell_1651,CellType_4,Batch_1,Stage_0
Cell_1652,CellType_4,Batch_1,Stage_1
Cell_1653,CellType_4,Batch_2,Stage_2
Cell_1654,CellType_4,Batch_1,Stage_1
Cell_1655,CellType_4,Batch_0,Stage_1
Cell_1656,CellType_4,Batch_2,Stage_2
Cell_1657,CellType_4,Batch_0,Stage_2
Cell_1658,CellType_4,Batch_1,Stage_0
Cell_1659,CellType_4,Batch_1,Stage_1
Cell_1660,CellType_4,Batch_1,Stage_0
Cell_1661,CellType_4,Batch_2,Stage_2
Cell_1662,CellType_4,Batch_0,Stage_1
Cell_1663,CellType_4,Batch_1,Stage_1
Cell_1664,CellType_4,Batch_2,Stage_2
Cell_1665,CellType_4,Batch_2,Stage_1
Cell_1666,CellType_4,Batch_0,Stage_3
Cell_1667,CellType_4,Batch_0,Stage_1
Cell_1668,CellType_4,Batch_0,Stage_1
Cell_1669,CellType_4,Batch_0,Stage_1
Cell_1670,CellType_4,Batch_1,Stage_1
Cell_1671,CellType_4,Batch_2,Stage_0
Cell_1672,CellType_4,Batch_0,Stage_1
Cell_1673,CellType_4,Batch_0,Stage_3
Cell_1674,CellType_4,Batch_1,Stage_0
Cell_1675,CellType_4,Batch_1,Stage_1
Cell_1676,CellType_4,Batch_1,Stage_0
Cell_1677,CellType_4,Batch_0,Stage_2
Cell_1678,CellType_4,Batch_2,Stage_0
Cell_1679,CellType_4,Batch_1,Stage_1
Cell_1680,CellType_4,Batch_2,Stage_3
Cell_1681,CellType_4,Batch_1,Stage_1
Cell_1682,CellType_4,Batch_1,Stage_1
Cell_1683,CellType_4,Batch_0,Stage_3
Cell_1684,CellType_4,Batch_0,Stage_3
Cell_1685,CellType_4,Batch_2,Stage_2
Cell_1686,CellType_4,Batch_2,Stage_3
Cell_1687,CellType_4,Batch_1,Stage_0
Cell_1688,CellType_4,Batch_2,Stage_0
Cell_1689,CellType_4,Batch_2,Stage_2
Cell_1690,CellType_4,Batch_1,Stage_1
Cell_1691,CellType_4,Batch_0,Stage_2
Cell_1692,CellType_4,Batch_0,Stage_1
Cell_1693,CellType_4,Batch_1,Stage_2
Cell_1694,CellType_4,Batch_2,Stage_1
Cell_1695,CellType_4,Batch_1,Stage_1
Cell_1696,CellType_4,Batch_0,Stage_0
Cell_1697,CellType_4,Batch_1,Stage_2
Cell_1698,CellType_4,Batch_1,Stage_0
Cell_1699,CellType_4,Batch_2,Stage_2
Cell_1700,CellType_4,Batch_1,Stage_0
Cell_1701,CellType_4,Batch_0,Stage_3
Cell_1702,CellType_4,Batch_0,Stage_0
Cell_1703,CellType_4,Batch_1,Stage_2
Cell_1704,CellType_4,Batch_0,Stage_2
Cell_1705,CellType_4,Batch_2,Stage_1
Cell_1706,CellType_4,Batch_2,Stage_3
Cell_1707,CellType_4,Batch_1,Stage_2
Cell_1708,CellType_4,Batch_1,Stage_3
Cell_1709,CellType_4,Batch_1,Stage_2
Cell_1710,CellType_4,Batch_2,Stage_3
Cell_1711,CellType_4,Batch_2,Stage_1
Cell_1712,CellType_4,Batch_2,Stage_3
Cell_1713,CellType_4,Batch_2,Stage_3
Cell_1714,CellType_4,Batch_1,Stage_1
Cell_1715,CellType_4,Batch_0,Stage_1
Cell_1716,CellType_4,Batch_1,Stage_2
Cell_1717,CellType_4,Batch_1,Stage_0
Cell_1718,CellType_4,Batch_2,Stage_0
Cell_1719,CellType_4,Batch_2,Stage_0
Cell_1720,CellType_4,Batch_2,Stage_3
Cell_1721,CellType_4,Batch_2,Stage_0
Cell_1722,CellType_4,Batch_1,Stage_3
Cell_1723,CellType_4,Batch_1,Stage_1
Cell_1724,CellType_4,Batch_1,Stage_1
Cell_1725,CellType_4,Batch_0,Stage_0
Cell_1726,CellType_4,Batch_0,Stage_1
Cell_1727,CellType_4,Batch_2,Stage_0
Cell_1728,CellType_4,Batch_0,Stage_1
Cell_1729,CellType_4,Batch_1,Stage_3
Cell_1730,CellType_4,Batch_0,Stage_1
Cell_1731,CellType_4,Batch_1,Stage_3
Cell_1732,CellType_4,Batch_0,Stage_1
Cell_1733,CellType_4,Batch_1,Stage_3
Cell_1734,CellType_4,Batch_2,Stage_1
Cell_1735,CellType_4,Batch_1,Stage_0
Cell_1736,CellType_4,Batch_1,Stage_0
Cell_1737,CellType_4,Batch_1,Stage_2
Cell_1738,CellType_4,Batch_0,Stage_0
Cell_1739,CellType_4,Batch_1,Stage_0
Cell_1740,CellType_4,Batch_2,Stage_2
Cell_1741,CellType_4,Batch_0,Stage_2
Cell_1742,CellType_4,Batch_2,Stage_2
Cell_1743,CellType_4,Batch_0,Stage_0
Cell_1744,CellType_4,Batch_1,Stage_3
Cell_1745,CellType_4,Batch_1,Stage_0
Cell_1746,CellType_4,Batch_1,Stage_2
Cell_1747,CellType_4,Batch_0,Stage_1
Cell_1748,CellType_4,Batch_1,Stage_1
Cell_1749,CellType_4,Batch_2,Stage_3
Cell_1750,CellType_4,Batch_0,Stage_0
Cell_1751,CellType_4,Batch_0,Stage_2
Cell_1752,CellType_4,Batch_0,Stage_3
Cell_1753,CellType_4,Batch_0,Stage_1
Cell_1754,CellType_4,Batch_0,Stage_2
Cell_1755,CellType_4,Batch_1,Stage_3
Cell_1756,CellType_4,Batch_1,Stage_1
Cell_1757,CellType_4,Batch_1,Stage_0
Cell_1758,CellType_4,Batch_2,Stage_3
Cell_1759,CellType_4,Batch_1,Stage_3
Cell_1760,CellType_4,Batch_2,Stage_1
Cell_1761,CellType_4,Batch_2,Stage_0
Cell_1762,CellType_4,Batch_2,Stage_1
Cell_1763,CellType_4,Batch_1,Stage_1
Cell_1764,CellType_4,Batch_0,Stage_2
Cell_1765,CellType_4,Batch_0,Stage_1
Cell_1766,CellType_4,Batch_0,Stage_0
Cell_1767,CellType_4,Batch_0,Stage_1
Cell_1768,CellType_4,Batch_2,Stage_1
Cell_1769,CellType_4,Batch_0,Stage_1
Cell_1770,CellType_4,Batch_2,Stage_0
Cell_1771,CellType_4,Batch_0,Stage_2
Cell_1772,CellType_4,Batch_1,Stage_1
Cell_1773,CellType_4,Batch_0,Stage_2
Cell_1774,CellType_4,Batch_1,Stage_3
Cell_1775,CellType_4,Batch_0,Stage_1
Cell_1776,CellType_4,Batch_2,Stage_1
Cell_1777,CellType_4,Batch_1,Stage_2
Cell_1778,CellType_4,Batch_0,Stage_1
Cell_1779,CellType_4,Batch_0,Stage_1
Cell_1780,CellType_4,Batch_2,Stage_3
Cell_1781,CellType_4,Batch_1,Stage_3
Cell_1782,CellType_4,Batch_2,Stage_3
Cell_1783,CellType_4,Batch_2,Stage_1
Cell_1784,CellType_4,Batch_0,Stage_3
Cell_1785,CellType_4,Batch_1,Stage_3
Cell_1786,CellType_4,Batch_0,Stage_0
Cell_1787,CellType_4,Batch_0,Stage_0
Cell_1788,CellType_4,Batch_0,Stage_0
Cell_1789,CellType_4,Batch_1,Stage_2
Cell_1790,CellType_4,Batch_2,Stage_1
Cell_1791,CellType_4,Batch_2,Stage_2
Cell_1792,CellType_4,Batch_1,Stage_1
Cell_1793,CellType_4,Batch_2,Stage_2
Cell_1794,CellType_4,Batch_1,Stage_2
Cell_1795,CellType_4,Batch_2,Stage_0
Cell_1796,CellType_4,Batch_0,Stage_1
Cell_1797,CellType_4,Batch_2,Stage_1
Cell_1798,CellType_4,Batch_1,Stage_1
Cell_1799,CellType_4,Batch_2,Stage_2
Cell_1800,CellType_4,Batch_0,Stage_3
Cell_1801,CellType_4,Batch_1,Stage_2
Cell_1802,CellType_4,Batch_2,Stage_0
Cell_1803,CellType_4,Batch_1,Stage_3
Cell_1804,CellType_4,Batch_0,Stage_0
Cell_1805,CellType_4,Batch_2,Stage_3
Cell_1806,CellType_4,Batch_2,Stage_1
Cell_1807,CellType_4,Batch_2,Stage_1
Cell_1808,CellType_4,Batch_2,Stage_1
Cell_1809,CellType_4,Batch_2,Stage_3
Cell_1810,CellType_4,Batch_0,Stage_3
Cell_1811,CellType_4,Batch_0,Stage_3
Cell_1812,CellType_4,Batch_1,Stage_2
Cell_1813,CellType_4,Batch_1,Stage_3
Cell_1814,CellType_4,Batch_0,Stage_3
Cell_1815,CellType_4,Batch_2,Stage_3
Cell_1816,CellType_4,Batch_1,Stage_1
Cell_1817,CellType_4,Batch_2,Stage_1
Cell_1818,CellType_4,Batch_0,Stage_3
Cell_1819,CellType_4,Batch_2,Stage_0
Cell_1820,CellType_4,Batch_0,Stage_3
Cell_1821,CellType_4,Batch_1,Stage_0
Cell_1822,CellType_4,Batch_1,Stage_0
Cell_1823,CellType_4,Batch_0,Stage_0
Cell_1824,CellType_4,Batch_1,Stage_0
Cell_1825,CellType_4,Batch_0,Stage_1
Cell_1826,CellType_4,Batch_0,Stage_2
Cell_1827,CellType_4,Batch_2,Stage_2
Cell_1828,CellType_4,Batch_0,Stage_1
Cell_1829,CellType_4,Batch_2,Stage_1
Cell_1830,CellType_4,Batch_0,Stage_0
Cell_1831,CellType_4,Batch_1,Stage_0
Cell_1832,CellType_4,Batch_0,Stage_3
Cell_1833,CellType_4,Batch_2,Stage_0
Cell_1834,CellType_4,Batch_1,Stage_3
Cell_1835,CellType_4,Batch_0,Stage_0
Cell_1836,CellType_4,Batch_0,Stage_3
Cell_1837,CellType_4,Batch_0,Stage_0
Cell_1838,CellType_4,Batch_0,Stage_0
Cell_1839,CellType_4,Batch_2,Stage_2
Cell_1840,CellType_4,Batch_2,Stage_3
Cell_1841,CellType_4,Batch_0,Stage_0
Cell_1842,CellType_4,Batch_0,Stage_1
Cell_1843,CellType_4,Batch_1,Stage_1
Cell_1844,CellType_4,Batch_1,Stage_3
Cell_1845,CellType_4,Batch_0,Stage_1
Cell_1846,CellType_4,Batch_0,Stage_2
Cell_1847,CellType_4,Batch_2,Stage_2
Cell_1848,CellType_4,Batch_2,Stage_0
Cell_1849,CellType_4,Batch_2,Stage_2
Cell_1850,CellType_4,Batch_2,Stage_1
Cell_1851,CellType_4,Batch_0,Stage_0
Cell_1852,CellType_4,Batch_2,Stage_0
Cell_1853,CellType_4,Batch_0,Stage_1
Cell_1854,CellType_4,Batch_0,Stage_0
Cell_1855,CellType_4,Batch_2,Stage_1
Cell_1856,CellType_4,Batch_1,Stage_3
Cell_1857,CellType_4,Batch_2,Stage_2
Cell_1858,CellType_4,Batch_2,Stage_1
Cell_1859,CellType_4,Batch_1,Stage_3
Cell_1860,CellType_4,Batch_2,Stage_3
Cell_1861,CellType_4,Batch_2,Stage_2
Cell_1862,CellType_4,Batch_0,Stage_3
Cell_1863,CellType_4,Batch_1,Stage_2
Cell_1864,CellType_4,Batch_2,Stage_2
Cell_1865,CellType_4,Batch_1,Stage_2
Cell_1866,CellType_4,Batch_2,Stage_0
Cell_1867,CellType_4,Batch_0,Stage_2
Cell_1868,CellType_4,Batch_2,Stage_0
Cell_1869,CellType_4,Batch_0,Stage_3
Cell_1870,CellType_4,Batch_0,Stage_2
Cell_1871,CellType_4,Batch_1,Stage_3
Cell_1872,CellType_4,Batch_2,Stage_1
Cell_1873,CellType_4,Batch_0,Stage_1
Cell_1874,CellType_4,Batch_0,Stage_2
Cell_1875,CellType_4,Batch_0,Stage_1
Cell_1876,CellType_4,Batch_0,Stage_2
Cell_1877,CellType_4,Batch_0,Stage_2
Cell_1878,CellType_4,Batch_1,Stage_3
Cell_1879,CellType_4,Batch_1,Stage_3
Cell_1880,CellType_4,Batch_2,Stage_2
Cell_1881,CellType_4,Batch_1,Stage_2
Cell_1882,CellType_4,Batch_2,Stage_1
Cell_1883,CellType_4,Batch_0,Stage_2
Cell_1884,CellType_4,Batch_1,Stage_0
Cell_1885,CellType_4,Batch_0,Stage_1
Cell_1886,CellType_4,Batch_1,Stage_3
Cell_1887,CellType_4,Batch_2,Stage_0
Cell_1888,CellType_4,Batch_1,Stage_0
Cell_1889,CellType_4,Batch_2,Stage_0
Cell_1890,CellType_4,Batch_1,Stage_2
Cell_1891,CellType_4,Batch_2,Stage_1
Cell_1892,CellType_4,Batch_1,Stage_2
Cell_1893,CellType_4,Batch_2,Stage_3
Cell_1894,CellType_4,Batch_0,Stage_0
Cell_1895,CellType_4,Batch_0,Stage_1
Cell_1896,CellType_4,Batch_1,Stage_1
Cell_1897,CellType_4,Batch_0,Stage_1
Cell_1898,CellType_4,Batch_0,Stage_0
Cell_1899,CellType_4,Batch_1,Stage_3
Cell_1900,CellType_4,Batch_1,Stage_1
Cell_1901,CellType_4,Batch_2,Stage_2
Cell_1902,CellType_4,Batch_1,Stage_3
Cell_1903,CellType_4,Batch_1,Stage_2
Cell_1904,CellType_4,Batch_0,Stage_0
Cell_1905,CellType_4,Batch_0,Stage_0
Cell_1906,CellType_4,Batch_1,Stage_3
Cell_1907,CellType_4,Batch_1,Stage_3
Cell_1908,CellType_4,Batch_2,Stage_2
Cell_1909,CellType_4,Batch_0,Stage_2
Cell_1910,CellType_4,Batch_2,Stage_2
Cell_1911,CellType_4,Batch_2,Stage_2
Cell_1912,CellType_4,Batch_2,Stage_0
Cell_1913,CellType_4,Batch_2,Stage_2
Cell_1914,CellType_4,Batch_2,Stage_2
Cell_1915,CellType_4,Batch_0,Stage_3
Cell_1916,CellType_4,Batch_1,Stage_1
Cell_1917,CellType_4,Batch_1,Stage_1
Cell_1918,CellType_4,Batch_0,Stage_3
Cell_1919,CellType_4,Batch_2,Stage_0
Cell_1920,CellType_4,Batch_1,Stage_3
Cell_1921,CellType_4,Batch_1,Stage_0
Cell_1922,CellType_4,Batch_2,Stage_3
Cell_1923,CellType_4,Batch_2,Stage_3
Cell_1924,CellType_4,Batch_2,Stage_3
Cell_1925,CellType_4,Batch_2,Stage_2
Cell_1926,CellType_4,Batch_0,Stage_1
Cell_1927,CellType_4,Batch_0,Stage_0
Cell_1928,CellType_4,Batch_0,Stage_2
Cell_1929,CellType_4,Batch_2,Stage_0
Cell_1930,CellType_4,Batch_2,Stage_3
Cell_1931,CellType_4,Batch_0,Stage_1
Cell_1932,CellType_4,Batch_0,Stage_3
Cell_1933,CellType_4,Batch_2,Stage_1
Cell_1934,CellType_4,Batch_2,Stage_2
Cell_1935,CellType_4,Batch_0,Stage_3
Cell_1936,CellType_4,Batch_0,Stage_2
Cell_1937,CellType_4,Batch_1,Stage_0
Cell_1938,CellType_4,Batch_2,Stage_0
Cell_1939,CellType_4,Batch_1,Stage_3
Cell_1940,CellType_4,Batch_0,Stage_2
Cell_1941,CellType_4,Batch_1,Stage_1
Cell_1942,CellType_4,Batch_2,Stage_0
Cell_1943,CellType_4,Batch_2,Stage_3
Cell_1944,CellType_4,Batch_1,Stage_3
Cell_1945,CellType_4,Batch_0,Stage_2
Cell_1946,CellType_4,Batch_1,Stage_0
Cell_1947,CellType_4,Batch_0,Stage_3
Cell_1948,CellType_4,Batch_1,Stage_0
Cell_1949,CellType_4,Batch_1,Stage_2
Cell_1950,CellType_4,Batch_0,Stage_0
Cell_1951,CellType_4,Batch_0,Stage_1
Cell_1952,CellType_4,Batch_0,Stage_2
Cell_1953,CellType_4,Batch_1,Stage_2
Cell_1954,CellType_4,Batch_0,Stage_2
Cell_1955,CellType_4,Batch_2,Stage_1
Cell_1956,CellType_4,Batch_0,Stage_1
Cell_1957,CellType_4,Batch_1,Stage_2
Cell_1958,CellType_4,Batch_2,Stage_0
Cell_1959,CellType_4,Batch_1,Stage_3
Cell_1960,CellType_4,Batch_2,Stage_0
Cell_1961,CellType_4,Batch_2,Stage_1
Cell_1962,CellType_4,Batch_2,Stage_3
Cell_1963,CellType_4,Batch_0,Stage_1
Cell_1964,CellType_4,Batch_0,Stage_1
Cell_1965,CellType_4,Batch_2,Stage_3
Cell_1966,CellType_4,Batch_2,Stage_2
Cell_1967,CellType_4,Batch_0,Stage_3
Cell_1968,CellType_4,Batch_1,Stage_1
Cell_1969,CellType_4,Batch_1,Stage_2
Cell_1970,CellType_4,Batch_2,Stage_2
Cell_1971,CellType_4,Batch_0,Stage_1
Cell_1972,CellType_4,Batch_0,Stage_2
Cell_1973,CellType_4,Batch_0,Stage_3
Cell_1974,CellType_4,Batch_2,Stage_0
Cell_1975,CellType_4,Batch_1,Stage_2
Cell_1976,CellType_4,Batch_1,Stage_1
Cell_1977,CellType_4,Batch_0,Stage_1
Cell_1978,CellType_4,Batch_1,Stage_3
Cell_1979,CellType_4,Batch_0,Stage_3
Cell_1980,CellType_4,Batch_0,Stage_3
Cell_1981,CellType_4,Batch_0,Stage_1
Cell_1982,CellType_4,Batch_2,Stage_3
Cell_1983,CellType_4,Batch_2,Stage_0
Cell_1984,CellType_4,Batch_2,Stage_1
Cell_1985,CellType_4,Batch_0,Stage_2
Cell_1986,CellType_4,Batch_2,Stage_0
Cell_1987,CellType_4,Batch_2,Stage_0
Cell_1988,CellType_4,Batch_0,Stage_1
Cell_1989,CellType_4,Batch_2,Stage_1
Cell_1990,CellType_4,Batch_0,Stage_2
Cell_1991,CellType_4,Batch_1,Stage_2
Cell_1992,CellType_4,Batch_2,Stage_1
Cell_1993,CellType_4,Batch_1,Stage_1
Cell_1994,CellType_4,Batch_1,Stage_0
Cell_1995,CellType_4,Batch_0,Stage_2
Cell_1996,CellType_4,Batch_0,Stage_1
Cell_1997,CellType_4,Batch_0,Stage_0
Cell_1998,CellType_4,Batch_1,Stage_1
Cell_1999,CellType_4,Batch_0,Stage_1
